person,personLabel,rolItem,rolLabel,richting,wikidataLink,wikipediaLink,commonsLink,image,bioPortaalLink,viafLink
http://www.wikidata.org/entity/Q136793932,Adèle Serweytens,http://www.wikidata.org/entity/Q28008277,bekende,Persoon naar Guido,https://www.wikidata.org/wiki/Q136793932,,,,,
http://www.wikidata.org/entity/Q115811921,Alexandre Berghman,http://www.wikidata.org/entity/Q28008277,bekende,Persoon naar Guido,https://www.wikidata.org/wiki/Q115811921,,,,,
http://www.wikidata.org/entity/Q129255433,Ann Mary Eyre,http://www.wikidata.org/entity/Q28008277,bekende,Persoon naar Guido,https://www.wikidata.org/wiki/Q129255433,,,,,
http://www.wikidata.org/entity/Q117263671,Caroline Janssens,http://www.wikidata.org/entity/Q28008277,bekende,Persoon naar Guido,https://www.wikidata.org/wiki/Q117263671,,,,,
http://www.wikidata.org/entity/Q136805616,Charles François Joseph Soudan,http://www.wikidata.org/entity/Q28008277,bekende,Persoon naar Guido,https://www.wikidata.org/wiki/Q136805616,,,,,
http://www.wikidata.org/entity/Q122791372,Franciscus Leopoldus De Backere,http://www.wikidata.org/entity/Q28008277,bekende,Persoon naar Guido,https://www.wikidata.org/wiki/Q122791372,,,,,
http://www.wikidata.org/entity/Q119794240,Hendrik Berghman,http://www.wikidata.org/entity/Q28008277,bekende,Persoon naar Guido,https://www.wikidata.org/wiki/Q119794240,,,,,
http://www.wikidata.org/entity/Q126648476,Joseph Antonius Maria Ghislenus Anastasius Johannes Nepomucenus de Pélichy,http://www.wikidata.org/entity/Q28008277,bekende,Persoon naar Guido,https://www.wikidata.org/wiki/Q126648476,,,http://commons.wikimedia.org/wiki/Special:FilePath/Joseph%20de%20Pelichy.jpg,,
http://www.wikidata.org/entity/Q136814371,Louis Jean Van den Bilcke,http://www.wikidata.org/entity/Q28008277,bekende,Persoon naar Guido,https://www.wikidata.org/wiki/Q136814371,,,,,
http://www.wikidata.org/entity/Q128053464,Marie Thérèse Courtens,http://www.wikidata.org/entity/Q28008277,bekende,Persoon naar Guido,https://www.wikidata.org/wiki/Q128053464,,,,,
http://www.wikidata.org/entity/Q126913566,Valeer Alfons Vansteenhuyse,http://www.wikidata.org/entity/Q28008277,bekende,Persoon naar Guido,https://www.wikidata.org/wiki/Q126913566,,,,,
http://www.wikidata.org/entity/Q129256307,Vincent William Eyre,http://www.wikidata.org/entity/Q28008277,bekende,Persoon naar Guido,https://www.wikidata.org/wiki/Q129256307,,,,,
http://www.wikidata.org/entity/Q129256364,William Henry Eyre,http://www.wikidata.org/entity/Q28008277,bekende,Persoon naar Guido,https://www.wikidata.org/wiki/Q129256364,,,,,
http://www.wikidata.org/entity/Q117226377,Emma Crombet,http://www.wikidata.org/entity/Q16827718,biechtvader,Persoon naar Guido,https://www.wikidata.org/wiki/Q117226377,,,,,
http://www.wikidata.org/entity/Q116508871,Helena Amelia Walton,http://www.wikidata.org/entity/Q16827718,biechtvader,Persoon naar Guido,https://www.wikidata.org/wiki/Q116508871,,,,,
http://www.wikidata.org/entity/Q129159907,Marie Louise Philomène Devrome,http://www.wikidata.org/entity/Q16827718,biechtvader,Persoon naar Guido,https://www.wikidata.org/wiki/Q129159907,,,,,
http://www.wikidata.org/entity/Q122842204,Mary Louisa Farbrother,http://www.wikidata.org/entity/Q16827718,biechtvader,Persoon naar Guido,https://www.wikidata.org/wiki/Q122842204,,,,,
http://www.wikidata.org/entity/Q115817390,Victor Lanssen,http://www.wikidata.org/entity/Q16827718,biechtvader,Persoon naar Guido,https://www.wikidata.org/wiki/Q115817390,,,,,
http://www.wikidata.org/entity/Q115818424,Achiel Piepers,http://www.wikidata.org/entity/Q3589290,briefschrijver,Persoon naar Guido,https://www.wikidata.org/wiki/Q115818424,,,,,
http://www.wikidata.org/entity/Q119013873,Achiel Van de Putte,http://www.wikidata.org/entity/Q3589290,briefschrijver,Persoon naar Guido,https://www.wikidata.org/wiki/Q119013873,,,,,
http://www.wikidata.org/entity/Q119217729,Achille Croquison,http://www.wikidata.org/entity/Q3589290,briefschrijver,Persoon naar Guido,https://www.wikidata.org/wiki/Q119217729,,,,,
http://www.wikidata.org/entity/Q113754119,Adolf De Wolf,http://www.wikidata.org/entity/Q3589290,briefschrijver,Persoon naar Guido,https://www.wikidata.org/wiki/Q113754119,https://nl.wikipedia.org/wiki/Adolf_De_Wolf,,,,
http://www.wikidata.org/entity/Q2524668,Adolf Duclos,http://www.wikidata.org/entity/Q3589290,briefschrijver,Persoon naar Guido,https://www.wikidata.org/wiki/Q2524668,https://nl.wikipedia.org/wiki/Adolf_Duclos,https://commons.wikimedia.org/wiki/Category:Adolf Duclos,http://commons.wikimedia.org/wiki/Special:FilePath/Adolf%20Duclos001.jpg,,https://viaf.org/viaf/89293479
http://www.wikidata.org/entity/Q43140929,Adolf Pauwels,http://www.wikidata.org/entity/Q3589290,briefschrijver,Persoon naar Guido,https://www.wikidata.org/wiki/Q43140929,,,,,https://viaf.org/viaf/27812240
http://www.wikidata.org/entity/Q100534520,Adolf Verriest,http://www.wikidata.org/entity/Q3589290,briefschrijver,Persoon naar Guido,https://www.wikidata.org/wiki/Q100534520,https://nl.wikipedia.org/wiki/Adolf_Verriest,,http://commons.wikimedia.org/wiki/Special:FilePath/Adolf%20Karel%20vader%20Petrus%20moeder%20Carolina%20Verriest%20in%201861.jpg,,
http://www.wikidata.org/entity/Q116687284,Agnes Mary Christophers,http://www.wikidata.org/entity/Q3589290,briefschrijver,Persoon naar Guido,https://www.wikidata.org/wiki/Q116687284,,,,,
http://www.wikidata.org/entity/Q118772822,Albert Aimé Marie Vandewalle,http://www.wikidata.org/entity/Q3589290,briefschrijver,Persoon naar Guido,https://www.wikidata.org/wiki/Q118772822,,,,,
http://www.wikidata.org/entity/Q586323,Albert Verwey,http://www.wikidata.org/entity/Q3589290,briefschrijver,Persoon naar Guido,https://www.wikidata.org/wiki/Q586323,https://nl.wikipedia.org/wiki/Albert_Verwey,https://commons.wikimedia.org/wiki/Category:Albert Verwey,http://commons.wikimedia.org/wiki/Special:FilePath/Portret%20van%20Albert%20Verwey%20Rijksmuseum%20SK-C-1680.jpeg,,https://viaf.org/viaf/49275816
http://www.wikidata.org/entity/Q2832059,Albéric Emmanuel Henri Marie Ghislain Ruzette,http://www.wikidata.org/entity/Q3589290,briefschrijver,Persoon naar Guido,https://www.wikidata.org/wiki/Q2832059,https://nl.wikipedia.org/wiki/Alb%C3%A9ric_Ruzette,https://commons.wikimedia.org/wiki/Category:Albéric Ruzette,http://commons.wikimedia.org/wiki/Special:FilePath/Weekblad%20Pallieter%20-%20voorpagina%201924%2023%20baron%20ruzette.jpg,,
http://www.wikidata.org/entity/Q56036018,Alexandre Bonvarlet,http://www.wikidata.org/entity/Q3589290,briefschrijver,Persoon naar Guido,https://www.wikidata.org/wiki/Q56036018,,https://commons.wikimedia.org/wiki/Category:Alexandre Bonvarlet,http://commons.wikimedia.org/wiki/Special:FilePath/Alexandre%20Bonvarlet%20by%20Michel%20Berthaud.jpg,,https://viaf.org/viaf/7516908
http://www.wikidata.org/entity/Q118142378,Alfons Bouckaert,http://www.wikidata.org/entity/Q3589290,briefschrijver,Persoon naar Guido,https://www.wikidata.org/wiki/Q118142378,,,,,
http://www.wikidata.org/entity/Q110039191,Alfons Dassonville,http://www.wikidata.org/entity/Q3589290,briefschrijver,Persoon naar Guido,https://www.wikidata.org/wiki/Q110039191,,,,,
http://www.wikidata.org/entity/Q2100582,Alfons De Cock,http://www.wikidata.org/entity/Q3589290,briefschrijver,Persoon naar Guido,https://www.wikidata.org/wiki/Q2100582,https://nl.wikipedia.org/wiki/Alfons_de_Cock,https://commons.wikimedia.org/wiki/Category:Alfons De Cock,http://commons.wikimedia.org/wiki/Special:FilePath/Alfons%20de%20Cock%2C%20PA05233.jpg,,https://viaf.org/viaf/34816409
http://www.wikidata.org/entity/Q2638823,Alfons Janssens,http://www.wikidata.org/entity/Q3589290,briefschrijver,Persoon naar Guido,https://www.wikidata.org/wiki/Q2638823,https://nl.wikipedia.org/wiki/Alfons_Janssens_(politicus),https://commons.wikimedia.org/wiki/Category:Alfons Janssens,http://commons.wikimedia.org/wiki/Special:FilePath/Alfons%20Janssens.jpg,,
http://www.wikidata.org/entity/Q56036059,Alfons Maria Napoleon Prayon-van Zuylen van Nyevelt,http://www.wikidata.org/entity/Q3589290,briefschrijver,Persoon naar Guido,https://www.wikidata.org/wiki/Q56036059,,,,,https://viaf.org/viaf/89687993
http://www.wikidata.org/entity/Q2539969,Alfons Siffer,http://www.wikidata.org/entity/Q3589290,briefschrijver,Persoon naar Guido,https://www.wikidata.org/wiki/Q2539969,https://nl.wikipedia.org/wiki/Alfons_Siffer,,http://commons.wikimedia.org/wiki/Special:FilePath/Alfons%20Siffer%201850-1941.jpg,,https://viaf.org/viaf/193449593
http://www.wikidata.org/entity/Q2050293,Alfons Van Hee,http://www.wikidata.org/entity/Q3589290,briefschrijver,Persoon naar Guido,https://www.wikidata.org/wiki/Q2050293,https://nl.wikipedia.org/wiki/Alfons_Van_Hee,,,,
http://www.wikidata.org/entity/Q26845752,Alfred Guichon de Grandpont,http://www.wikidata.org/entity/Q3589290,briefschrijver,Persoon naar Guido,https://www.wikidata.org/wiki/Q26845752,,,,,https://viaf.org/viaf/88981493
http://www.wikidata.org/entity/Q115979418,Aloysius Vandemaele,http://www.wikidata.org/entity/Q3589290,briefschrijver,Persoon naar Guido,https://www.wikidata.org/wiki/Q115979418,,,,,
http://www.wikidata.org/entity/Q2580620,Aloïs Nelis,http://www.wikidata.org/entity/Q3589290,briefschrijver,Persoon naar Guido,https://www.wikidata.org/wiki/Q2580620,https://nl.wikipedia.org/wiki/Alo%C3%AFs_Nelis,,,,
http://www.wikidata.org/entity/Q2298746,Aloïs Walgrave,http://www.wikidata.org/entity/Q3589290,briefschrijver,Persoon naar Guido,https://www.wikidata.org/wiki/Q2298746,https://nl.wikipedia.org/wiki/Alo%C3%AFs_Walgrave,https://commons.wikimedia.org/wiki/Category:Aloïs Walgrave,,,https://viaf.org/viaf/61918346
http://www.wikidata.org/entity/Q2450554,Alphonse De Leyn,http://www.wikidata.org/entity/Q3589290,briefschrijver,Persoon naar Guido,https://www.wikidata.org/wiki/Q2450554,https://nl.wikipedia.org/wiki/Alphonse_De_Leyn,,,,https://viaf.org/viaf/4993145857103622920901
http://www.wikidata.org/entity/Q2099446,Amaat Joos,http://www.wikidata.org/entity/Q3589290,briefschrijver,Persoon naar Guido,https://www.wikidata.org/wiki/Q2099446,https://nl.wikipedia.org/wiki/Amaat_Joos,,http://commons.wikimedia.org/wiki/Special:FilePath/Amaat%20Joos.jpg,,https://viaf.org/viaf/290811985
http://www.wikidata.org/entity/Q3421496,Amaat Vyncke,http://www.wikidata.org/entity/Q3589290,briefschrijver,Persoon naar Guido,https://www.wikidata.org/wiki/Q3421496,https://nl.wikipedia.org/wiki/Amaat_Vyncke,https://commons.wikimedia.org/wiki/Category:Amaat Vyncke,http://commons.wikimedia.org/wiki/Special:FilePath/Amaat%20Vyncke.jpg,,https://viaf.org/viaf/286791405
http://www.wikidata.org/entity/Q970036,Amand Neut,http://www.wikidata.org/entity/Q3589290,briefschrijver,Persoon naar Guido,https://www.wikidata.org/wiki/Q970036,,,,,
http://www.wikidata.org/entity/Q2481707,Amand de Vos,http://www.wikidata.org/entity/Q3589290,briefschrijver,Persoon naar Guido,https://www.wikidata.org/wiki/Q2481707,https://nl.wikipedia.org/wiki/Amand_de_Vos,,http://commons.wikimedia.org/wiki/Special:FilePath/Wazenaar%20Amand%20de%20Vos.jpg,,https://viaf.org/viaf/74219351
http://www.wikidata.org/entity/Q2481707,Amand de Vos,http://www.wikidata.org/entity/Q3589290,briefschrijver,Persoon naar Guido,https://www.wikidata.org/wiki/Q2481707,https://nl.wikipedia.org/wiki/Amand_de_Vos,,http://commons.wikimedia.org/wiki/Special:FilePath/Wazenaar%20Amand%20de%20Vos.jpg,,https://viaf.org/viaf/286212977
http://www.wikidata.org/entity/Q124619468,Amelia Vander Stichele,http://www.wikidata.org/entity/Q3589290,briefschrijver,Persoon naar Guido,https://www.wikidata.org/wiki/Q124619468,https://nl.wikipedia.org/wiki/Amelia_Van_der_Stichele,,http://commons.wikimedia.org/wiki/Special:FilePath/Schilderij%20Henri%20Dobbelaere%20Engelendale.jpg,,
http://www.wikidata.org/entity/Q1280942,Amédée Visart de Bocarmé,http://www.wikidata.org/entity/Q3589290,briefschrijver,Persoon naar Guido,https://www.wikidata.org/wiki/Q1280942,https://nl.wikipedia.org/wiki/Amed%C3%A9e_Visart_de_Bocarm%C3%A9,https://commons.wikimedia.org/wiki/Category:Amedée Visart de Bocarmé,http://commons.wikimedia.org/wiki/Special:FilePath/Portret%20van%20burgemeester%20Am%C3%A9d%C3%A9e%20Visart%20de%20Bocarm%C3%A9%2C%20circa%201837%20-%20circa%201924%2C%20Groeningemuseum%2C%200041286000.jpg,,https://viaf.org/viaf/90713808
http://www.wikidata.org/entity/Q119039774,Andries J. Winkler,http://www.wikidata.org/entity/Q3589290,briefschrijver,Persoon naar Guido,https://www.wikidata.org/wiki/Q119039774,,,,,
http://www.wikidata.org/entity/Q116656531,Anna Demets,http://www.wikidata.org/entity/Q3589290,briefschrijver,Persoon naar Guido,https://www.wikidata.org/wiki/Q116656531,https://nl.wikipedia.org/wiki/Anna_Demets,,http://commons.wikimedia.org/wiki/Special:FilePath/Portretfoto%20Anna%20Demets.jpg,,
http://www.wikidata.org/entity/Q116508558,Anne Hill,http://www.wikidata.org/entity/Q3589290,briefschrijver,Persoon naar Guido,https://www.wikidata.org/wiki/Q116508558,,,,,
http://www.wikidata.org/entity/Q115830433,Antoine Wemaer,http://www.wikidata.org/entity/Q3589290,briefschrijver,Persoon naar Guido,https://www.wikidata.org/wiki/Q115830433,https://nl.wikipedia.org/wiki/Antoon_Wemaer,,,,
http://www.wikidata.org/entity/Q2360599,Antoon Jozef Witteryck,http://www.wikidata.org/entity/Q3589290,briefschrijver,Persoon naar Guido,https://www.wikidata.org/wiki/Q2360599,https://nl.wikipedia.org/wiki/Antoon_Jozef_Witteryck,https://commons.wikimedia.org/wiki/Category:Antoon Jozef Witteryck,http://commons.wikimedia.org/wiki/Special:FilePath/Wytterick%2023.JPG,,https://viaf.org/viaf/10953367
http://www.wikidata.org/entity/Q115979140,Arsenius Dehulster,http://www.wikidata.org/entity/Q3589290,briefschrijver,Persoon naar Guido,https://www.wikidata.org/wiki/Q115979140,,,,,
http://www.wikidata.org/entity/Q3450211,Arthur De Schrevel,http://www.wikidata.org/entity/Q3589290,briefschrijver,Persoon naar Guido,https://www.wikidata.org/wiki/Q3450211,https://nl.wikipedia.org/wiki/Arthur_De_Schrevel,,,,https://viaf.org/viaf/22517057
http://www.wikidata.org/entity/Q115818861,Arthur Lewylle,http://www.wikidata.org/entity/Q3589290,briefschrijver,Persoon naar Guido,https://www.wikidata.org/wiki/Q115818861,,,,,
http://www.wikidata.org/entity/Q2215154,August Cuppens,http://www.wikidata.org/entity/Q3589290,briefschrijver,Persoon naar Guido,https://www.wikidata.org/wiki/Q2215154,https://nl.wikipedia.org/wiki/August_Cuppens,,,,https://viaf.org/viaf/88731906
http://www.wikidata.org/entity/Q115818168,August Hoflack,http://www.wikidata.org/entity/Q3589290,briefschrijver,Persoon naar Guido,https://www.wikidata.org/wiki/Q115818168,,,,,
http://www.wikidata.org/entity/Q115839088,August Laporta,http://www.wikidata.org/entity/Q3589290,briefschrijver,Persoon naar Guido,https://www.wikidata.org/wiki/Q115839088,,,,,
http://www.wikidata.org/entity/Q764378,August Vermeylen,http://www.wikidata.org/entity/Q3589290,briefschrijver,Persoon naar Guido,https://www.wikidata.org/wiki/Q764378,https://nl.wikipedia.org/wiki/August_Vermeylen,https://commons.wikimedia.org/wiki/Category:August Vermeylen,http://commons.wikimedia.org/wiki/Special:FilePath/AugustVermeylen2.jpg,,https://viaf.org/viaf/22946210
http://www.wikidata.org/entity/Q125535110,August William McDonogh,http://www.wikidata.org/entity/Q3589290,briefschrijver,Persoon naar Guido,https://www.wikidata.org/wiki/Q125535110,,,,,
http://www.wikidata.org/entity/Q2059291,Auguste Reyns,http://www.wikidata.org/entity/Q3589290,briefschrijver,Persoon naar Guido,https://www.wikidata.org/wiki/Q2059291,https://nl.wikipedia.org/wiki/Auguste_Reyns,,,,
http://www.wikidata.org/entity/Q120999304,Augustijn Van Heuverswyn,http://www.wikidata.org/entity/Q3589290,briefschrijver,Persoon naar Guido,https://www.wikidata.org/wiki/Q120999304,,,,,
http://www.wikidata.org/entity/Q115844105,Augustin Van Becelaere,http://www.wikidata.org/entity/Q3589290,briefschrijver,Persoon naar Guido,https://www.wikidata.org/wiki/Q115844105,,,,,
http://www.wikidata.org/entity/Q115979130,Augustinus De Geetere,http://www.wikidata.org/entity/Q3589290,briefschrijver,Persoon naar Guido,https://www.wikidata.org/wiki/Q115979130,,,,,
http://www.wikidata.org/entity/Q115829623,Bruno De Splenter,http://www.wikidata.org/entity/Q3589290,briefschrijver,Persoon naar Guido,https://www.wikidata.org/wiki/Q115829623,,,,,
http://www.wikidata.org/entity/Q115836783,Bruno Joseph Jean Vandale,http://www.wikidata.org/entity/Q3589290,briefschrijver,Persoon naar Guido,https://www.wikidata.org/wiki/Q115836783,,,,,
http://www.wikidata.org/entity/Q115839360,Bruno Van Hove,http://www.wikidata.org/entity/Q3589290,briefschrijver,Persoon naar Guido,https://www.wikidata.org/wiki/Q115839360,,,http://commons.wikimedia.org/wiki/Special:FilePath/A%20Monsieur%20le%20chanoine%20Van%20Hove%2C%201869%2C%20Musea%20Brugge%2C%200020.GRO0352.III.jpg,,
http://www.wikidata.org/entity/Q115308515,Bruno Vander Stichele,http://www.wikidata.org/entity/Q3589290,briefschrijver,Persoon naar Guido,https://www.wikidata.org/wiki/Q115308515,https://nl.wikipedia.org/wiki/Bruno_Vander_Stichele,,,,
http://www.wikidata.org/entity/Q2154331,Caesar Gezelle,http://www.wikidata.org/entity/Q3589290,briefschrijver,Persoon naar Guido,https://www.wikidata.org/wiki/Q2154331,https://nl.wikipedia.org/wiki/Caesar_Gezelle,,,,https://viaf.org/viaf/28277814
http://www.wikidata.org/entity/Q115840234,Camiel Roelandts,http://www.wikidata.org/entity/Q3589290,briefschrijver,Persoon naar Guido,https://www.wikidata.org/wiki/Q115840234,,,,,
http://www.wikidata.org/entity/Q117409336,Camille Lateur,http://www.wikidata.org/entity/Q3589290,briefschrijver,Persoon naar Guido,https://www.wikidata.org/wiki/Q117409336,,,,,
http://www.wikidata.org/entity/Q116621487,Catharine Macdaniel,http://www.wikidata.org/entity/Q3589290,briefschrijver,Persoon naar Guido,https://www.wikidata.org/wiki/Q116621487,,,,,
http://www.wikidata.org/entity/Q116620739,Catherine de Kyvere,http://www.wikidata.org/entity/Q3589290,briefschrijver,Persoon naar Guido,https://www.wikidata.org/wiki/Q116620739,,,,,
http://www.wikidata.org/entity/Q1877721,Charles Carton,http://www.wikidata.org/entity/Q3589290,briefschrijver,Persoon naar Guido,https://www.wikidata.org/wiki/Q1877721,https://nl.wikipedia.org/wiki/Charles_Carton,https://commons.wikimedia.org/wiki/Category:Charles Carton,http://commons.wikimedia.org/wiki/Special:FilePath/Charles%20Carton.jpg,,https://viaf.org/viaf/64790543
http://www.wikidata.org/entity/Q2715338,Charles Delcour,http://www.wikidata.org/entity/Q3589290,briefschrijver,Persoon naar Guido,https://www.wikidata.org/wiki/Q2715338,https://nl.wikipedia.org/wiki/Charles_Delcour,https://commons.wikimedia.org/wiki/Category:Charles Delcour,http://commons.wikimedia.org/wiki/Special:FilePath/Membres%20du%20Minist%C3%A8re%20%28Delcour%29.jpg,,https://viaf.org/viaf/88840827
http://www.wikidata.org/entity/Q125472556,Charles Grant Edmonstone,http://www.wikidata.org/entity/Q3589290,briefschrijver,Persoon naar Guido,https://www.wikidata.org/wiki/Q125472556,,,,,
http://www.wikidata.org/entity/Q122974430,Charles Joseph Pagliano,http://www.wikidata.org/entity/Q3589290,briefschrijver,Persoon naar Guido,https://www.wikidata.org/wiki/Q122974430,,,,,
http://www.wikidata.org/entity/Q3538623,Charles van Caloen,http://www.wikidata.org/entity/Q3589290,briefschrijver,Persoon naar Guido,https://www.wikidata.org/wiki/Q3538623,https://nl.wikipedia.org/wiki/Charles_van_Caloen,https://commons.wikimedia.org/wiki/Category:Charles van Caloen,http://commons.wikimedia.org/wiki/Special:FilePath/PM%20161806%20B%20Loppem%20%28Charles%20van%20Caloen%29.jpg,,
http://www.wikidata.org/entity/Q1149378,"Charlotte Fitzalan-Howard, Duchess of Norfolk",http://www.wikidata.org/entity/Q3589290,briefschrijver,Persoon naar Guido,https://www.wikidata.org/wiki/Q1149378,,,http://commons.wikimedia.org/wiki/Special:FilePath/Charlotte%20Sophia%2C%20Countess%20of%20Surrey%20%281788-1870%29%2C%20by%20studio%20of%20Sir%20Thomas%20Lawrence.jpg,,
http://www.wikidata.org/entity/Q122974373,Clara Andrews,http://www.wikidata.org/entity/Q3589290,briefschrijver,Persoon naar Guido,https://www.wikidata.org/wiki/Q122974373,,,,,
http://www.wikidata.org/entity/Q116510419,Colette Virginie Parvost,http://www.wikidata.org/entity/Q3589290,briefschrijver,Persoon naar Guido,https://www.wikidata.org/wiki/Q116510419,,,,,
http://www.wikidata.org/entity/Q2457997,Constant Hansen,http://www.wikidata.org/entity/Q3589290,briefschrijver,Persoon naar Guido,https://www.wikidata.org/wiki/Q2457997,https://nl.wikipedia.org/wiki/Constant_Hansen,https://commons.wikimedia.org/wiki/Category:Constant Hansen,http://commons.wikimedia.org/wiki/Special:FilePath/Hansen%2C%20Constant%20Jacob%20%281833-1910%29%3B%20letterkundige%20en%20hoofdbibliothecaris%20stadsbibliotheek%20Antwerpen%2C%20Haeck%2C%20Leopold%2C%20Felixarchief%2C%2012%209296%20recto%20%28cropped%29.jpg,,https://viaf.org/viaf/67217393
http://www.wikidata.org/entity/Q115837342,Constantinus Roelandts,http://www.wikidata.org/entity/Q3589290,briefschrijver,Persoon naar Guido,https://www.wikidata.org/wiki/Q115837342,,,,,
http://www.wikidata.org/entity/Q113466955,Cordelia Van de Wiele,http://www.wikidata.org/entity/Q3589290,briefschrijver,Persoon naar Guido,https://www.wikidata.org/wiki/Q113466955,https://nl.wikipedia.org/wiki/Cordelia_Van_de_Wiele,,http://commons.wikimedia.org/wiki/Special:FilePath/Cordelia%20Van%20de%20Wiele%20-%20secretaresse%20Guido%20Gezelle.jpg,,https://viaf.org/viaf/284507189
http://www.wikidata.org/entity/Q98322098,Cyriel Delaere,http://www.wikidata.org/entity/Q3589290,briefschrijver,Persoon naar Guido,https://www.wikidata.org/wiki/Q98322098,https://nl.wikipedia.org/wiki/Cyriel_Delaere,,,,
http://www.wikidata.org/entity/Q118998471,Denis Auguste Julien Roger,http://www.wikidata.org/entity/Q3589290,briefschrijver,Persoon naar Guido,https://www.wikidata.org/wiki/Q118998471,,,,,
http://www.wikidata.org/entity/Q115834834,Desideer Meersseman,http://www.wikidata.org/entity/Q3589290,briefschrijver,Persoon naar Guido,https://www.wikidata.org/wiki/Q115834834,,,,,
http://www.wikidata.org/entity/Q118733026,Domenico Macry Correale,http://www.wikidata.org/entity/Q3589290,briefschrijver,Persoon naar Guido,https://www.wikidata.org/wiki/Q118733026,,,,,https://viaf.org/viaf/307365360
http://www.wikidata.org/entity/Q55911879,Désiré Claes,http://www.wikidata.org/entity/Q3589290,briefschrijver,Persoon naar Guido,https://www.wikidata.org/wiki/Q55911879,,,,,https://viaf.org/viaf/22507498
http://www.wikidata.org/entity/Q377071,Edgar Tinel,http://www.wikidata.org/entity/Q3589290,briefschrijver,Persoon naar Guido,https://www.wikidata.org/wiki/Q377071,https://nl.wikipedia.org/wiki/Edgar_Tinel,https://commons.wikimedia.org/wiki/Category:Edgar Tinel,http://commons.wikimedia.org/wiki/Special:FilePath/Edgar%20Tinel%201911.jpg,,https://viaf.org/viaf/66732393
http://www.wikidata.org/entity/Q118120867,Edmond De Plancke,http://www.wikidata.org/entity/Q3589290,briefschrijver,Persoon naar Guido,https://www.wikidata.org/wiki/Q118120867,,,,,
http://www.wikidata.org/entity/Q13575367,Edmond Denys,http://www.wikidata.org/entity/Q3589290,briefschrijver,Persoon naar Guido,https://www.wikidata.org/wiki/Q13575367,https://nl.wikipedia.org/wiki/Edmond_Denys,,,,https://viaf.org/viaf/28149976
http://www.wikidata.org/entity/Q118792556,Edmund Benedict Hicks,http://www.wikidata.org/entity/Q3589290,briefschrijver,Persoon naar Guido,https://www.wikidata.org/wiki/Q118792556,,,,,
http://www.wikidata.org/entity/Q2360914,Edward Gailliard,http://www.wikidata.org/entity/Q3589290,briefschrijver,Persoon naar Guido,https://www.wikidata.org/wiki/Q2360914,https://nl.wikipedia.org/wiki/Edward_Gailliard,https://commons.wikimedia.org/wiki/Category:Edward Gailliard,,,https://viaf.org/viaf/66600101
http://www.wikidata.org/entity/Q13575404,Edward Van Even,http://www.wikidata.org/entity/Q3589290,briefschrijver,Persoon naar Guido,https://www.wikidata.org/wiki/Q13575404,https://nl.wikipedia.org/wiki/Edward_Van_Even,https://commons.wikimedia.org/wiki/Category:Edward Van Even,http://commons.wikimedia.org/wiki/Special:FilePath/EdwardVanEven.jpg,,https://viaf.org/viaf/10117119
http://www.wikidata.org/entity/Q113925472,Edward Van Robays,http://www.wikidata.org/entity/Q3589290,briefschrijver,Persoon naar Guido,https://www.wikidata.org/wiki/Q113925472,https://nl.wikipedia.org/wiki/Edward_Van_Robays,,,,
http://www.wikidata.org/entity/Q119217748,Edward Vlietinck,http://www.wikidata.org/entity/Q3589290,briefschrijver,Persoon naar Guido,https://www.wikidata.org/wiki/Q119217748,,,,,
http://www.wikidata.org/entity/Q116621171,Elisa Robinson,http://www.wikidata.org/entity/Q3589290,briefschrijver,Persoon naar Guido,https://www.wikidata.org/wiki/Q116621171,,,,,
http://www.wikidata.org/entity/Q121078322,Elisabeth Josèphe Thérèse van den Broeck,http://www.wikidata.org/entity/Q3589290,briefschrijver,Persoon naar Guido,https://www.wikidata.org/wiki/Q121078322,,,,,
http://www.wikidata.org/entity/Q116689485,Elisabeth Latham,http://www.wikidata.org/entity/Q3589290,briefschrijver,Persoon naar Guido,https://www.wikidata.org/wiki/Q116689485,,,,,
http://www.wikidata.org/entity/Q13576607,Emiel Demonie,http://www.wikidata.org/entity/Q3589290,briefschrijver,Persoon naar Guido,https://www.wikidata.org/wiki/Q13576607,https://nl.wikipedia.org/wiki/Emiel_Demonie,,,,
http://www.wikidata.org/entity/Q2183646,Emiel Lauwers,http://www.wikidata.org/entity/Q3589290,briefschrijver,Persoon naar Guido,https://www.wikidata.org/wiki/Q2183646,https://nl.wikipedia.org/wiki/Emiel_Lauwers,,http://commons.wikimedia.org/wiki/Special:FilePath/Emiel%20Lauwers%20-%20Kortrijk%20-%20Belgi%C3%AB.jpg,,https://viaf.org/viaf/229355357
http://www.wikidata.org/entity/Q115811038,Emile Dambre,http://www.wikidata.org/entity/Q3589290,briefschrijver,Persoon naar Guido,https://www.wikidata.org/wiki/Q115811038,,,,,
http://www.wikidata.org/entity/Q113486838,Emilie van Outryve d'Ydewalle,http://www.wikidata.org/entity/Q3589290,briefschrijver,Persoon naar Guido,https://www.wikidata.org/wiki/Q113486838,,,,,
http://www.wikidata.org/entity/Q117226377,Emma Crombet,http://www.wikidata.org/entity/Q3589290,briefschrijver,Persoon naar Guido,https://www.wikidata.org/wiki/Q117226377,,,,,
http://www.wikidata.org/entity/Q1334711,Emmanuel Hiel,http://www.wikidata.org/entity/Q3589290,briefschrijver,Persoon naar Guido,https://www.wikidata.org/wiki/Q1334711,https://nl.wikipedia.org/wiki/Emmanuel_Hiel,https://commons.wikimedia.org/wiki/Category:Emmanuel Hiel,http://commons.wikimedia.org/wiki/Special:FilePath/Hiel%2C%20Emmanuel%20%281834-1899%29%3B%20dichter%20en%20schrijver%2C%20Nauwens%2C%20Joseph%2C%20Felixarchief%2C%2012%2012840.jpg,,https://viaf.org/viaf/171326689
http://www.wikidata.org/entity/Q125282135,Ernest Edouard Marie Eeman,http://www.wikidata.org/entity/Q3589290,briefschrijver,Persoon naar Guido,https://www.wikidata.org/wiki/Q125282135,,,,,
http://www.wikidata.org/entity/Q3080591,Ernest Marie Joseph Martin Michel van Caloen,http://www.wikidata.org/entity/Q3589290,briefschrijver,Persoon naar Guido,https://www.wikidata.org/wiki/Q3080591,https://nl.wikipedia.org/wiki/Ernest_van_Caloen,,,,
http://www.wikidata.org/entity/Q62080181,Ernest Rembry,http://www.wikidata.org/entity/Q3589290,briefschrijver,Persoon naar Guido,https://www.wikidata.org/wiki/Q62080181,https://nl.wikipedia.org/wiki/Ernest_Rembry,https://commons.wikimedia.org/wiki/Category:Ernest Rembry,,,https://viaf.org/viaf/69148876
http://www.wikidata.org/entity/Q42196616,Eugeen de Lepeleer,http://www.wikidata.org/entity/Q3589290,briefschrijver,Persoon naar Guido,https://www.wikidata.org/wiki/Q42196616,,,,,
http://www.wikidata.org/entity/Q2546317,Eugeen van Oye,http://www.wikidata.org/entity/Q3589290,briefschrijver,Persoon naar Guido,https://www.wikidata.org/wiki/Q2546317,https://nl.wikipedia.org/wiki/Eugeen_van_Oye,https://commons.wikimedia.org/wiki/Category:Eugeen van Oye,http://commons.wikimedia.org/wiki/Special:FilePath/Eugeen%20van%20Oye%20-%20Statue%20in%20Gistel.jpg,,https://viaf.org/viaf/73628159
http://www.wikidata.org/entity/Q57197744,Eugeen-Karel Van Steenkiste,http://www.wikidata.org/entity/Q3589290,briefschrijver,Persoon naar Guido,https://www.wikidata.org/wiki/Q57197744,https://nl.wikipedia.org/wiki/Eugeen-Karel_Van_Steenkiste,,,,
http://www.wikidata.org/entity/Q56036023,Eugène Cortyl,http://www.wikidata.org/entity/Q3589290,briefschrijver,Persoon naar Guido,https://www.wikidata.org/wiki/Q56036023,,,,,https://viaf.org/viaf/61711657
http://www.wikidata.org/entity/Q115981938,Felix Degrendel,http://www.wikidata.org/entity/Q3589290,briefschrijver,Persoon naar Guido,https://www.wikidata.org/wiki/Q115981938,,,,,
http://www.wikidata.org/entity/Q2684959,Ferdinand Van de Putte,http://www.wikidata.org/entity/Q3589290,briefschrijver,Persoon naar Guido,https://www.wikidata.org/wiki/Q2684959,https://nl.wikipedia.org/wiki/Ferdinand_Van_de_Putte,,http://commons.wikimedia.org/wiki/Special:FilePath/Ferdinand%20Van%20de%20Putte.jpg,,https://viaf.org/viaf/64921795
http://www.wikidata.org/entity/Q2065109,Ferdinand Vanderhaeghen,http://www.wikidata.org/entity/Q3589290,briefschrijver,Persoon naar Guido,https://www.wikidata.org/wiki/Q2065109,https://nl.wikipedia.org/wiki/Ferdinand_Vanderhaeghen,https://commons.wikimedia.org/wiki/Category:Ferdinand Vanderhaeghen,http://commons.wikimedia.org/wiki/Special:FilePath/Ferdinand%20Vander%20Haeghen.jpg,,https://viaf.org/viaf/24640987
http://www.wikidata.org/entity/Q116660566,Florence Gezelle,http://www.wikidata.org/entity/Q3589290,briefschrijver,Persoon naar Guido,https://www.wikidata.org/wiki/Q116660566,https://nl.wikipedia.org/wiki/Florence_Gezelle,,http://commons.wikimedia.org/wiki/Special:FilePath/Foto%20van%20Florence%20Gezelle.jpg,,
http://www.wikidata.org/entity/Q116509612,Francesca Christophers,http://www.wikidata.org/entity/Q3589290,briefschrijver,Persoon naar Guido,https://www.wikidata.org/wiki/Q116509612,,,,,
http://www.wikidata.org/entity/Q115811922,Franciscus Benoot,http://www.wikidata.org/entity/Q3589290,briefschrijver,Persoon naar Guido,https://www.wikidata.org/wiki/Q115811922,,,,,
http://www.wikidata.org/entity/Q115982545,Franciscus-Xaverius Mervillie,http://www.wikidata.org/entity/Q3589290,briefschrijver,Persoon naar Guido,https://www.wikidata.org/wiki/Q115982545,,,,,
http://www.wikidata.org/entity/Q2361397,Frans De Cort,http://www.wikidata.org/entity/Q3589290,briefschrijver,Persoon naar Guido,https://www.wikidata.org/wiki/Q2361397,https://nl.wikipedia.org/wiki/Frans_de_Cort,,,,https://viaf.org/viaf/107725635
http://www.wikidata.org/entity/Q15461013,Frans De Potter,http://www.wikidata.org/entity/Q3589290,briefschrijver,Persoon naar Guido,https://www.wikidata.org/wiki/Q15461013,https://nl.wikipedia.org/wiki/Frans_de_Potter,https://commons.wikimedia.org/wiki/Category:Frans De Potter,http://commons.wikimedia.org/wiki/Special:FilePath/De%20Potter%20Frans%20070512.png,,https://viaf.org/viaf/42766892
http://www.wikidata.org/entity/Q15956,Frans Schollaert,http://www.wikidata.org/entity/Q3589290,briefschrijver,Persoon naar Guido,https://www.wikidata.org/wiki/Q15956,https://nl.wikipedia.org/wiki/Frans_Schollaert,https://commons.wikimedia.org/wiki/Category:Frans Schollaert,http://commons.wikimedia.org/wiki/Special:FilePath/Frans%20Schollaert.jpg,,https://viaf.org/viaf/896155769083127880002
http://www.wikidata.org/entity/Q1894475,François Van den Abeele,http://www.wikidata.org/entity/Q3589290,briefschrijver,Persoon naar Guido,https://www.wikidata.org/wiki/Q1894475,https://nl.wikipedia.org/wiki/Fran%C3%A7ois_Van_den_Abeele,,,,
http://www.wikidata.org/entity/Q122754021,Félicie Marie Heldenbergh,http://www.wikidata.org/entity/Q3589290,briefschrijver,Persoon naar Guido,https://www.wikidata.org/wiki/Q122754021,,,,,
http://www.wikidata.org/entity/Q119796023,Georges Vincent Eugène Louis Beyaert,http://www.wikidata.org/entity/Q3589290,briefschrijver,Persoon naar Guido,https://www.wikidata.org/wiki/Q119796023,,,,,
http://www.wikidata.org/entity/Q118725738,Georges William Gadd,http://www.wikidata.org/entity/Q3589290,briefschrijver,Persoon naar Guido,https://www.wikidata.org/wiki/Q118725738,,,,,
http://www.wikidata.org/entity/Q118189985,Georgina Coxon,http://www.wikidata.org/entity/Q3589290,briefschrijver,Persoon naar Guido,https://www.wikidata.org/wiki/Q118189985,,,,,
http://www.wikidata.org/entity/Q2606766,Gerard van Caloen,http://www.wikidata.org/entity/Q3589290,briefschrijver,Persoon naar Guido,https://www.wikidata.org/wiki/Q2606766,https://nl.wikipedia.org/wiki/Gerard_van_Caloen,https://commons.wikimedia.org/wiki/Category:Gérard van Caloen,http://commons.wikimedia.org/wiki/Special:FilePath/G%C3%A9rard%20van%20Caloen%20%28detail%29.jpg,,https://viaf.org/viaf/88680544
http://www.wikidata.org/entity/Q2319173,Gerrit Jacob Boekenoogen,http://www.wikidata.org/entity/Q3589290,briefschrijver,Persoon naar Guido,https://www.wikidata.org/wiki/Q2319173,https://nl.wikipedia.org/wiki/Gerrit_Jacob_Boekenoogen,https://commons.wikimedia.org/wiki/Category:Gerrit Jacob Boekenoogen,http://commons.wikimedia.org/wiki/Special:FilePath/BoekenoogenGJ.jpg,,https://viaf.org/viaf/51976484
http://www.wikidata.org/entity/Q116460145,Gerrit Pieter Roos,http://www.wikidata.org/entity/Q3589290,briefschrijver,Persoon naar Guido,https://www.wikidata.org/wiki/Q116460145,https://nl.wikipedia.org/wiki/Gerrit_Pieter_Roos,,,,https://viaf.org/viaf/217851141
http://www.wikidata.org/entity/Q115844439,Gustaaf Carton,http://www.wikidata.org/entity/Q3589290,briefschrijver,Persoon naar Guido,https://www.wikidata.org/wiki/Q115844439,,,,,
http://www.wikidata.org/entity/Q115813555,Gustaaf Janssens,http://www.wikidata.org/entity/Q3589290,briefschrijver,Persoon naar Guido,https://www.wikidata.org/wiki/Q115813555,,,,,
http://www.wikidata.org/entity/Q2190493,Gustaaf Verriest,http://www.wikidata.org/entity/Q3589290,briefschrijver,Persoon naar Guido,https://www.wikidata.org/wiki/Q2190493,https://nl.wikipedia.org/wiki/Gustaaf_Verriest,https://commons.wikimedia.org/wiki/Category:Gustaaf Verriest,http://commons.wikimedia.org/wiki/Special:FilePath/Gustaaf%20Louise%20Oda%20Hugo%20Verriest%20in%201861.jpg,,https://viaf.org/viaf/230221242
http://www.wikidata.org/entity/Q115837646,Gustaf François Marie Van Mullem,http://www.wikidata.org/entity/Q3589290,briefschrijver,Persoon naar Guido,https://www.wikidata.org/wiki/Q115837646,,,,,
http://www.wikidata.org/entity/Q115818541,Gustave Delescluze,http://www.wikidata.org/entity/Q3589290,briefschrijver,Persoon naar Guido,https://www.wikidata.org/wiki/Q115818541,,,,,
http://www.wikidata.org/entity/Q2496044,Gustave Henri Flamen,http://www.wikidata.org/entity/Q3589290,briefschrijver,Persoon naar Guido,https://www.wikidata.org/wiki/Q2496044,https://nl.wikipedia.org/wiki/Gustaaf_Hendrik_Flamen,,,,https://viaf.org/viaf/292311890
http://www.wikidata.org/entity/Q2191260,Gustave Waffelaert,http://www.wikidata.org/entity/Q3589290,briefschrijver,Persoon naar Guido,https://www.wikidata.org/wiki/Q2191260,https://nl.wikipedia.org/wiki/Gustavus_Josephus_Waffelaert,https://commons.wikimedia.org/wiki/Category:Gustavus Josephus Waffelaert,http://commons.wikimedia.org/wiki/Special:FilePath/Gustaaf%20Jozef%20Waffelaert%20-%2022ste%20bisschop%20van%20Brugge%20-%20Belgi%C3%AB.jpg,,https://viaf.org/viaf/14764321
http://www.wikidata.org/entity/Q122971559,Gustavus Henricus Jochem,http://www.wikidata.org/entity/Q3589290,briefschrijver,Persoon naar Guido,https://www.wikidata.org/wiki/Q122971559,,,,,
http://www.wikidata.org/entity/Q116508871,Helena Amelia Walton,http://www.wikidata.org/entity/Q3589290,briefschrijver,Persoon naar Guido,https://www.wikidata.org/wiki/Q116508871,,,,,
http://www.wikidata.org/entity/Q136760074,Hendrik Depoorter,http://www.wikidata.org/entity/Q3589290,briefschrijver,Persoon naar Guido,https://www.wikidata.org/wiki/Q136760074,,,,,
http://www.wikidata.org/entity/Q113627806,Hendrik Karel Van Doorne,http://www.wikidata.org/entity/Q3589290,briefschrijver,Persoon naar Guido,https://www.wikidata.org/wiki/Q113627806,https://nl.wikipedia.org/wiki/Hendrik_Karel_Van_Doorne,,,,
http://www.wikidata.org/entity/Q571426,Hendrik Kern,http://www.wikidata.org/entity/Q3589290,briefschrijver,Persoon naar Guido,https://www.wikidata.org/wiki/Q571426,https://nl.wikipedia.org/wiki/Hendrik_Kern,https://commons.wikimedia.org/wiki/Category:Johan Hendrik Caspar Kern,http://commons.wikimedia.org/wiki/Special:FilePath/Johan%20Hendrik%20Caspar%20Kern.jpg,,https://viaf.org/viaf/49297728
http://www.wikidata.org/entity/Q114081509,Hendrik Persyn,http://www.wikidata.org/entity/Q3589290,briefschrijver,Persoon naar Guido,https://www.wikidata.org/wiki/Q114081509,https://nl.wikipedia.org/wiki/Hendrik_Persyn,,,,
http://www.wikidata.org/entity/Q11029222,Hendrik Pickery,http://www.wikidata.org/entity/Q3589290,briefschrijver,Persoon naar Guido,https://www.wikidata.org/wiki/Q11029222,https://nl.wikipedia.org/wiki/Hendrik_Pickery,https://commons.wikimedia.org/wiki/Category:Hendrik Pickery,http://commons.wikimedia.org/wiki/Special:FilePath/Hendrik%20Pickery%20gedenkteken%20R03.jpg,,https://viaf.org/viaf/21045637
http://www.wikidata.org/entity/Q94896539,Hendrik Q. Janssen,http://www.wikidata.org/entity/Q3589290,briefschrijver,Persoon naar Guido,https://www.wikidata.org/wiki/Q94896539,https://nl.wikipedia.org/wiki/Hendrik_Quirinus_Janssen,,,,https://viaf.org/viaf/20047088
http://www.wikidata.org/entity/Q3431564,Hendrik Sermon,http://www.wikidata.org/entity/Q3589290,briefschrijver,Persoon naar Guido,https://www.wikidata.org/wiki/Q3431564,https://nl.wikipedia.org/wiki/Hendrik_Sermon,,,,https://viaf.org/viaf/284736592
http://www.wikidata.org/entity/Q3032807,Henri Rommel,http://www.wikidata.org/entity/Q3589290,briefschrijver,Persoon naar Guido,https://www.wikidata.org/wiki/Q3032807,https://nl.wikipedia.org/wiki/Henri_Rommel,,,,
http://www.wikidata.org/entity/Q115979994,Henricus De Badts,http://www.wikidata.org/entity/Q3589290,briefschrijver,Persoon naar Guido,https://www.wikidata.org/wiki/Q115979994,,,,,
http://www.wikidata.org/entity/Q1978131,Hilaris Allaeys,http://www.wikidata.org/entity/Q3589290,briefschrijver,Persoon naar Guido,https://www.wikidata.org/wiki/Q1978131,https://nl.wikipedia.org/wiki/Hilaire_Allaeys,,,,https://viaf.org/viaf/285948659
http://www.wikidata.org/entity/Q28973684,Hippoliet Haerynck,http://www.wikidata.org/entity/Q3589290,briefschrijver,Persoon naar Guido,https://www.wikidata.org/wiki/Q28973684,,,,,https://viaf.org/viaf/306163163
http://www.wikidata.org/entity/Q115821479,Honoré Cardoen,http://www.wikidata.org/entity/Q3589290,briefschrijver,Persoon naar Guido,https://www.wikidata.org/wiki/Q115821479,,,,,
http://www.wikidata.org/entity/Q981444,Hugo Verriest,http://www.wikidata.org/entity/Q3589290,briefschrijver,Persoon naar Guido,https://www.wikidata.org/wiki/Q981444,https://nl.wikipedia.org/wiki/Hugo_Verriest,https://commons.wikimedia.org/wiki/Category:Hugo Verriest,http://commons.wikimedia.org/wiki/Special:FilePath/HugoVerriest.jpg,,https://viaf.org/viaf/72317072
http://www.wikidata.org/entity/Q117264774,Hélène Janssens,http://www.wikidata.org/entity/Q3589290,briefschrijver,Persoon naar Guido,https://www.wikidata.org/wiki/Q117264774,,,,,
http://www.wikidata.org/entity/Q55672664,Ignace de Coussemaker,http://www.wikidata.org/entity/Q3589290,briefschrijver,Persoon naar Guido,https://www.wikidata.org/wiki/Q55672664,,,,,https://viaf.org/viaf/56990239
http://www.wikidata.org/entity/Q115818849,Isidoor Hemeryck,http://www.wikidata.org/entity/Q3589290,briefschrijver,Persoon naar Guido,https://www.wikidata.org/wiki/Q115818849,,,,,
http://www.wikidata.org/entity/Q115982548,Isidorus Fraeys,http://www.wikidata.org/entity/Q3589290,briefschrijver,Persoon naar Guido,https://www.wikidata.org/wiki/Q115982548,,,,,
http://www.wikidata.org/entity/Q45029767,Jakob Muyldermans,http://www.wikidata.org/entity/Q3589290,briefschrijver,Persoon naar Guido,https://www.wikidata.org/wiki/Q45029767,,,,,https://viaf.org/viaf/237954538
http://www.wikidata.org/entity/Q2424814,Jan Baptist David,http://www.wikidata.org/entity/Q3589290,briefschrijver,Persoon naar Guido,https://www.wikidata.org/wiki/Q2424814,https://nl.wikipedia.org/wiki/Jan_Baptist_David,https://commons.wikimedia.org/wiki/Category:Jan Baptist David,http://commons.wikimedia.org/wiki/Special:FilePath/Jan%20Baptist%20David%20-%20lithograph%20by%20Louis%20Tuerlinckx.jpg,,https://viaf.org/viaf/89686055
http://www.wikidata.org/entity/Q42853596,Jan Baptist Vervliet,http://www.wikidata.org/entity/Q3589290,briefschrijver,Persoon naar Guido,https://www.wikidata.org/wiki/Q42853596,,,,,https://viaf.org/viaf/22523645
http://www.wikidata.org/entity/Q1920135,Jan Bols,http://www.wikidata.org/entity/Q3589290,briefschrijver,Persoon naar Guido,https://www.wikidata.org/wiki/Q1920135,https://nl.wikipedia.org/wiki/Jan_Bols_(schrijver),,http://commons.wikimedia.org/wiki/Special:FilePath/Jan%20Bols%2C%20borststuk%20door%20E.%20Fabronius.tif,,https://viaf.org/viaf/18106320
http://www.wikidata.org/entity/Q37766220,Jan Broeckaert,http://www.wikidata.org/entity/Q3589290,briefschrijver,Persoon naar Guido,https://www.wikidata.org/wiki/Q37766220,https://nl.wikipedia.org/wiki/Jan_Broeckaert,,,,https://viaf.org/viaf/3271643
http://www.wikidata.org/entity/Q110039159,Jan Craeynest,http://www.wikidata.org/entity/Q3589290,briefschrijver,Persoon naar Guido,https://www.wikidata.org/wiki/Q110039159,https://nl.wikipedia.org/wiki/Jan_Craeynest,,,,https://viaf.org/viaf/32382994
http://www.wikidata.org/entity/Q329468,Jan Nolet de Brauwere van Steeland,http://www.wikidata.org/entity/Q3589290,briefschrijver,Persoon naar Guido,https://www.wikidata.org/wiki/Q329468,https://nl.wikipedia.org/wiki/Jan_Nolet_de_Brauwere_van_Steeland,https://commons.wikimedia.org/wiki/Category:Jan Nolet de Brauwere van Steeland,http://commons.wikimedia.org/wiki/Special:FilePath/Portret%20van%20Jan%20Nolet%20de%20Brauwere%20van%20Steeland%2C%20RP-P-1906-1206.jpg,,https://viaf.org/viaf/168390605
http://www.wikidata.org/entity/Q23895006,Jan Willem Brouwers,http://www.wikidata.org/entity/Q3589290,briefschrijver,Persoon naar Guido,https://www.wikidata.org/wiki/Q23895006,https://nl.wikipedia.org/wiki/Jan_Willem_Brouwers,https://commons.wikimedia.org/wiki/Category:Jan Willem Brouwers,http://commons.wikimedia.org/wiki/Special:FilePath/Jan%20Willem%20Brouwers%20%281831-1893%29%2C%20gravure%20J.%20Walter%20%28coll.%20Catharijne%20Convent%29.jpg,,https://viaf.org/viaf/88794569
http://www.wikidata.org/entity/Q354052,Jean-Baptiste Bethune,http://www.wikidata.org/entity/Q3589290,briefschrijver,Persoon naar Guido,https://www.wikidata.org/wiki/Q354052,https://nl.wikipedia.org/wiki/Jean-Baptiste_Charles_de_Bethune,https://commons.wikimedia.org/wiki/Category:Jean-Baptiste de Bethune,http://commons.wikimedia.org/wiki/Special:FilePath/JBBethune%20par%20Raoux.jpg,,https://viaf.org/viaf/50138393
http://www.wikidata.org/entity/Q3164253,Jean-Baptiste Malou,http://www.wikidata.org/entity/Q3589290,briefschrijver,Persoon naar Guido,https://www.wikidata.org/wiki/Q3164253,https://nl.wikipedia.org/wiki/Joannes_Baptista_Malou,https://commons.wikimedia.org/wiki/Category:Joannes Baptista Malou,http://commons.wikimedia.org/wiki/Special:FilePath/Joannes%20Baptista%20Malou%20-%20Bishop%20of%20Bruges.jpg,,https://viaf.org/viaf/79109779
http://www.wikidata.org/entity/Q2672741,Jean-Baptiste de Bethune jr.,http://www.wikidata.org/entity/Q3589290,briefschrijver,Persoon naar Guido,https://www.wikidata.org/wiki/Q2672741,https://nl.wikipedia.org/wiki/Jean-Baptiste_de_Bethune_jr.,,,,
http://www.wikidata.org/entity/Q2181847,Jeroom Noterdaeme,http://www.wikidata.org/entity/Q3589290,briefschrijver,Persoon naar Guido,https://www.wikidata.org/wiki/Q2181847,https://nl.wikipedia.org/wiki/Jeroom_Noterdaeme,,,,https://viaf.org/viaf/41182519
http://www.wikidata.org/entity/Q115838569,Jerôme Vervaeke,http://www.wikidata.org/entity/Q3589290,briefschrijver,Persoon naar Guido,https://www.wikidata.org/wiki/Q115838569,,,,,
http://www.wikidata.org/entity/Q118495679,Joannes Alberdingk,http://www.wikidata.org/entity/Q3589290,briefschrijver,Persoon naar Guido,https://www.wikidata.org/wiki/Q118495679,,,,,
http://www.wikidata.org/entity/Q123689724,Joannes De Neve,http://www.wikidata.org/entity/Q3589290,briefschrijver,Persoon naar Guido,https://www.wikidata.org/wiki/Q123689724,,,,,
http://www.wikidata.org/entity/Q3166510,Johan Joseph Faict,http://www.wikidata.org/entity/Q3589290,briefschrijver,Persoon naar Guido,https://www.wikidata.org/wiki/Q3166510,https://nl.wikipedia.org/wiki/Johan_Joseph_Faict,https://commons.wikimedia.org/wiki/Category:Johan Joseph Faict,http://commons.wikimedia.org/wiki/Special:FilePath/Brugge%20-%20Bisschop%20Faict%20%281864-1894%29%20-%20Brugge%20-%20Belgi%C3%AB.jpg,,https://viaf.org/viaf/81582737
http://www.wikidata.org/entity/Q2491266,Johan Winkler,http://www.wikidata.org/entity/Q3589290,briefschrijver,Persoon naar Guido,https://www.wikidata.org/wiki/Q2491266,https://nl.wikipedia.org/wiki/Johan_Winkler_(dialectoloog),,http://commons.wikimedia.org/wiki/Special:FilePath/Johan%20Winkler.jpg,,https://viaf.org/viaf/25379016
http://www.wikidata.org/entity/Q119007176,John Joseph Peter Ross,http://www.wikidata.org/entity/Q3589290,briefschrijver,Persoon naar Guido,https://www.wikidata.org/wiki/Q119007176,,,,,
http://www.wikidata.org/entity/Q1978794,Joseph Alberdingk Thijm,http://www.wikidata.org/entity/Q3589290,briefschrijver,Persoon naar Guido,https://www.wikidata.org/wiki/Q1978794,https://nl.wikipedia.org/wiki/Joseph_Alberdingk_Thijm,https://commons.wikimedia.org/wiki/Category:Joseph Albert Alberdingk Thijm,http://commons.wikimedia.org/wiki/Special:FilePath/Josephus%20Alberdingk%20Thijm%20portret%20%281864-1889%29.png,,https://viaf.org/viaf/61579021
http://www.wikidata.org/entity/Q115820195,Joseph Axters,http://www.wikidata.org/entity/Q3589290,briefschrijver,Persoon naar Guido,https://www.wikidata.org/wiki/Q115820195,,,,,
http://www.wikidata.org/entity/Q115806424,Joseph Devos,http://www.wikidata.org/entity/Q3589290,briefschrijver,Persoon naar Guido,https://www.wikidata.org/wiki/Q115806424,,,,,
http://www.wikidata.org/entity/Q115831509,Joseph Gezelle,http://www.wikidata.org/entity/Q3589290,briefschrijver,Persoon naar Guido,https://www.wikidata.org/wiki/Q115831509,,,,,
http://www.wikidata.org/entity/Q61506427,Joseph Herreboudt,http://www.wikidata.org/entity/Q3589290,briefschrijver,Persoon naar Guido,https://www.wikidata.org/wiki/Q61506427,https://nl.wikipedia.org/wiki/Joseph_Herreboudt,,,,https://viaf.org/viaf/104475665
http://www.wikidata.org/entity/Q61506427,Joseph Herreboudt,http://www.wikidata.org/entity/Q3589290,briefschrijver,Persoon naar Guido,https://www.wikidata.org/wiki/Q61506427,https://nl.wikipedia.org/wiki/Joseph_Herreboudt,,,,https://viaf.org/viaf/3022168740909379530008
http://www.wikidata.org/entity/Q1707941,Joseph Ryelandt,http://www.wikidata.org/entity/Q3589290,briefschrijver,Persoon naar Guido,https://www.wikidata.org/wiki/Q1707941,https://nl.wikipedia.org/wiki/Joseph_Ryelandt,https://commons.wikimedia.org/wiki/Category:Joseph Ryelandt,http://commons.wikimedia.org/wiki/Special:FilePath/Joseph%20Ryelandt.jpg,,https://viaf.org/viaf/54414009
http://www.wikidata.org/entity/Q115811334,Joseph Samyn,http://www.wikidata.org/entity/Q3589290,briefschrijver,Persoon naar Guido,https://www.wikidata.org/wiki/Q115811334,https://nl.wikipedia.org/wiki/Joseph_Samyn,,,,
http://www.wikidata.org/entity/Q119013626,Joseph Van Damme,http://www.wikidata.org/entity/Q3589290,briefschrijver,Persoon naar Guido,https://www.wikidata.org/wiki/Q119013626,,,,,
http://www.wikidata.org/entity/Q120552708,Jules De Meester,http://www.wikidata.org/entity/Q3589290,briefschrijver,Persoon naar Guido,https://www.wikidata.org/wiki/Q120552708,,,,,
http://www.wikidata.org/entity/Q17428533,Jules Lammens,http://www.wikidata.org/entity/Q3589290,briefschrijver,Persoon naar Guido,https://www.wikidata.org/wiki/Q17428533,https://nl.wikipedia.org/wiki/Jules_Lammens,,,,
http://www.wikidata.org/entity/Q115832532,Jules Perquy,http://www.wikidata.org/entity/Q3589290,briefschrijver,Persoon naar Guido,https://www.wikidata.org/wiki/Q115832532,,,,,https://viaf.org/viaf/265076797
http://www.wikidata.org/entity/Q721772,Jules Vandenpeereboom,http://www.wikidata.org/entity/Q3589290,briefschrijver,Persoon naar Guido,https://www.wikidata.org/wiki/Q721772,https://nl.wikipedia.org/wiki/Jules_Vandenpeereboom,https://commons.wikimedia.org/wiki/Category:Jules Vandenpeereboom,http://commons.wikimedia.org/wiki/Special:FilePath/Jules%20van%20den%20Peereboom.jpg,,https://viaf.org/viaf/19208519
http://www.wikidata.org/entity/Q101627274,Juliaan Claerhout,http://www.wikidata.org/entity/Q3589290,briefschrijver,Persoon naar Guido,https://www.wikidata.org/wiki/Q101627274,https://nl.wikipedia.org/wiki/Juliaan_Claerhout,https://commons.wikimedia.org/wiki/Category:Juliaan Claerhout,,,https://viaf.org/viaf/290508038
http://www.wikidata.org/entity/Q115821474,Juliaan Fové,http://www.wikidata.org/entity/Q3589290,briefschrijver,Persoon naar Guido,https://www.wikidata.org/wiki/Q115821474,,,,,
http://www.wikidata.org/entity/Q116620937,Julienne Elise Van De Wiele,http://www.wikidata.org/entity/Q3589290,briefschrijver,Persoon naar Guido,https://www.wikidata.org/wiki/Q116620937,,,,,
http://www.wikidata.org/entity/Q55420570,Julius Leroy,http://www.wikidata.org/entity/Q3589290,briefschrijver,Persoon naar Guido,https://www.wikidata.org/wiki/Q55420570,https://nl.wikipedia.org/wiki/Julius_Leroy,,,,https://viaf.org/viaf/27059369
http://www.wikidata.org/entity/Q55420570,Julius Leroy,http://www.wikidata.org/entity/Q3589290,briefschrijver,Persoon naar Guido,https://www.wikidata.org/wiki/Q55420570,https://nl.wikipedia.org/wiki/Julius_Leroy,,,,https://viaf.org/viaf/282012081
http://www.wikidata.org/entity/Q55232762,Julius Obrie,http://www.wikidata.org/entity/Q3589290,briefschrijver,Persoon naar Guido,https://www.wikidata.org/wiki/Q55232762,,,,,https://viaf.org/viaf/217838725
http://www.wikidata.org/entity/Q2617184,Karel De Flou,http://www.wikidata.org/entity/Q3589290,briefschrijver,Persoon naar Guido,https://www.wikidata.org/wiki/Q2617184,https://nl.wikipedia.org/wiki/Karel_De_Flou,,,,https://viaf.org/viaf/50860329
http://www.wikidata.org/entity/Q115831295,Karel Foulon,http://www.wikidata.org/entity/Q3589290,briefschrijver,Persoon naar Guido,https://www.wikidata.org/wiki/Q115831295,,,,,
http://www.wikidata.org/entity/Q970833,Karel Frans Stallaert,http://www.wikidata.org/entity/Q3589290,briefschrijver,Persoon naar Guido,https://www.wikidata.org/wiki/Q970833,https://nl.wikipedia.org/wiki/Karel_Frans_Stallaert,,http://commons.wikimedia.org/wiki/Special:FilePath/KarelFransStallaert.jpg,,https://viaf.org/viaf/8119350
http://www.wikidata.org/entity/Q41885755,Karel Heynderickx,http://www.wikidata.org/entity/Q3589290,briefschrijver,Persoon naar Guido,https://www.wikidata.org/wiki/Q41885755,https://nl.wikipedia.org/wiki/Karel_Heynderickx,,,,https://viaf.org/viaf/285936402
http://www.wikidata.org/entity/Q115819088,Karel Legein,http://www.wikidata.org/entity/Q3589290,briefschrijver,Persoon naar Guido,https://www.wikidata.org/wiki/Q115819088,,,,,
http://www.wikidata.org/entity/Q111336261,Karel Van De Vyvere,http://www.wikidata.org/entity/Q3589290,briefschrijver,Persoon naar Guido,https://www.wikidata.org/wiki/Q111336261,,,,,
http://www.wikidata.org/entity/Q2542423,Karel de Gheldere,http://www.wikidata.org/entity/Q3589290,briefschrijver,Persoon naar Guido,https://www.wikidata.org/wiki/Q2542423,https://nl.wikipedia.org/wiki/Karel_de_Gheldere,,,,https://viaf.org/viaf/47638059
http://www.wikidata.org/entity/Q118289639,Katharine Woodlock,http://www.wikidata.org/entity/Q3589290,briefschrijver,Persoon naar Guido,https://www.wikidata.org/wiki/Q118289639,,,,,
http://www.wikidata.org/entity/Q119224999,Laura Perkins,http://www.wikidata.org/entity/Q3589290,briefschrijver,Persoon naar Guido,https://www.wikidata.org/wiki/Q119224999,,,,,
http://www.wikidata.org/entity/Q118555164,Leo Lodewijk Hubert Simons,http://www.wikidata.org/entity/Q3589290,briefschrijver,Persoon naar Guido,https://www.wikidata.org/wiki/Q118555164,,,,,
http://www.wikidata.org/entity/Q115818781,Leon Verwilghen,http://www.wikidata.org/entity/Q3589290,briefschrijver,Persoon naar Guido,https://www.wikidata.org/wiki/Q115818781,,,,,
http://www.wikidata.org/entity/Q2779054,Leonard Lodewijk De Bo,http://www.wikidata.org/entity/Q3589290,briefschrijver,Persoon naar Guido,https://www.wikidata.org/wiki/Q2779054,https://nl.wikipedia.org/wiki/Leonard_Lodewijk_De_Bo,https://commons.wikimedia.org/wiki/Category:Leonard Lodewijk De Bo,http://commons.wikimedia.org/wiki/Special:FilePath/Leonard%20Lodewijk%20De%20Bo.jpg,,https://viaf.org/viaf/52063644
http://www.wikidata.org/entity/Q118998340,Leopold Pycke,http://www.wikidata.org/entity/Q3589290,briefschrijver,Persoon naar Guido,https://www.wikidata.org/wiki/Q118998340,,,,,
http://www.wikidata.org/entity/Q2619202,Leopold Slosse,http://www.wikidata.org/entity/Q3589290,briefschrijver,Persoon naar Guido,https://www.wikidata.org/wiki/Q2619202,https://nl.wikipedia.org/wiki/Leopold_Slosse,,,,
http://www.wikidata.org/entity/Q114945031,Livinus Bruneel,http://www.wikidata.org/entity/Q3589290,briefschrijver,Persoon naar Guido,https://www.wikidata.org/wiki/Q114945031,https://nl.wikipedia.org/wiki/Livinus_Bruneel,,,,
http://www.wikidata.org/entity/Q28973666,Lodewijk Roersch,http://www.wikidata.org/entity/Q3589290,briefschrijver,Persoon naar Guido,https://www.wikidata.org/wiki/Q28973666,,,,,https://viaf.org/viaf/89743681
http://www.wikidata.org/entity/Q13769746,Lodewijk Scharpé,http://www.wikidata.org/entity/Q3589290,briefschrijver,Persoon naar Guido,https://www.wikidata.org/wiki/Q13769746,https://nl.wikipedia.org/wiki/Lodewijk_Scharp%C3%A9,https://commons.wikimedia.org/wiki/Category:Lodewijk Scharpé,http://commons.wikimedia.org/wiki/Special:FilePath/GlasraamLodewijkScharpe.jpg,,https://viaf.org/viaf/81227984
http://www.wikidata.org/entity/Q2426280,Lodewijk Van Haecke,http://www.wikidata.org/entity/Q3589290,briefschrijver,Persoon naar Guido,https://www.wikidata.org/wiki/Q2426280,https://nl.wikipedia.org/wiki/Lodewijk_Van_Haecke,,http://commons.wikimedia.org/wiki/Special:FilePath/Portret%20van%20pastoor%20L.%20Van%20Haecke%2C%201897%2C%20Groeningemuseum%2C%200040504000.jpg,,https://viaf.org/viaf/281505918
http://www.wikidata.org/entity/Q56036067,Lodewijk Willem Schuermans,http://www.wikidata.org/entity/Q3589290,briefschrijver,Persoon naar Guido,https://www.wikidata.org/wiki/Q56036067,https://nl.wikipedia.org/wiki/Lodewijk_Willem_Schuermans,,,,https://viaf.org/viaf/234944112
http://www.wikidata.org/entity/Q86735347,Louis David Petit,http://www.wikidata.org/entity/Q3589290,briefschrijver,Persoon naar Guido,https://www.wikidata.org/wiki/Q86735347,,,,,https://viaf.org/viaf/49590050
http://www.wikidata.org/entity/Q118120903,Louis De Plancke,http://www.wikidata.org/entity/Q3589290,briefschrijver,Persoon naar Guido,https://www.wikidata.org/wiki/Q118120903,,,,,
http://www.wikidata.org/entity/Q2134167,Louis Gilliodts,http://www.wikidata.org/entity/Q3589290,briefschrijver,Persoon naar Guido,https://www.wikidata.org/wiki/Q2134167,https://nl.wikipedia.org/wiki/Louis_Gilliodts,,,,https://viaf.org/viaf/64100899
http://www.wikidata.org/entity/Q115818009,Louis Goormachtigh,http://www.wikidata.org/entity/Q3589290,briefschrijver,Persoon naar Guido,https://www.wikidata.org/wiki/Q115818009,,https://commons.wikimedia.org/wiki/Category:Louis-Marie Goormachtigh,,,
http://www.wikidata.org/entity/Q119003821,Louis Judocus Rooms,http://www.wikidata.org/entity/Q3589290,briefschrijver,Persoon naar Guido,https://www.wikidata.org/wiki/Q119003821,,,,,
http://www.wikidata.org/entity/Q128904091,Louise Adèle Pauline Van Brabant,http://www.wikidata.org/entity/Q3589290,briefschrijver,Persoon naar Guido,https://www.wikidata.org/wiki/Q128904091,,,,,
http://www.wikidata.org/entity/Q20902162,Louise Gezelle,http://www.wikidata.org/entity/Q3589290,briefschrijver,Persoon naar Guido,https://www.wikidata.org/wiki/Q20902162,https://nl.wikipedia.org/wiki/Louise_Gezelle,https://commons.wikimedia.org/wiki/Category:Louise Gezelle,http://commons.wikimedia.org/wiki/Special:FilePath/Foto%20van%20Louise%20Gezelle%20en%20Stijn%20Streuvels.jpg,,
http://www.wikidata.org/entity/Q117246781,Louise Sidonie Vervaet,http://www.wikidata.org/entity/Q3589290,briefschrijver,Persoon naar Guido,https://www.wikidata.org/wiki/Q117246781,,,,,
http://www.wikidata.org/entity/Q117227189,Léonie Pauline Marie Bersou,http://www.wikidata.org/entity/Q3589290,briefschrijver,Persoon naar Guido,https://www.wikidata.org/wiki/Q117227189,,,,,
http://www.wikidata.org/entity/Q116621811,Marguerite Marie Josephine Sonck,http://www.wikidata.org/entity/Q3589290,briefschrijver,Persoon naar Guido,https://www.wikidata.org/wiki/Q116621811,,,,,
http://www.wikidata.org/entity/Q117265039,Maria Ludovica Charlotta Lauwers,http://www.wikidata.org/entity/Q3589290,briefschrijver,Persoon naar Guido,https://www.wikidata.org/wiki/Q117265039,,,,,
http://www.wikidata.org/entity/Q116509131,Marie-Sophie Deschryver,http://www.wikidata.org/entity/Q3589290,briefschrijver,Persoon naar Guido,https://www.wikidata.org/wiki/Q116509131,,,,,
http://www.wikidata.org/entity/Q119217815,Martinus Coune,http://www.wikidata.org/entity/Q3589290,briefschrijver,Persoon naar Guido,https://www.wikidata.org/wiki/Q119217815,,,,,
http://www.wikidata.org/entity/Q116510958,Mary Ann F. Andrewes,http://www.wikidata.org/entity/Q3589290,briefschrijver,Persoon naar Guido,https://www.wikidata.org/wiki/Q116510958,,,,,
http://www.wikidata.org/entity/Q116510998,Mary Anne Macdaniel,http://www.wikidata.org/entity/Q3589290,briefschrijver,Persoon naar Guido,https://www.wikidata.org/wiki/Q116510998,,,,,
http://www.wikidata.org/entity/Q116621328,Mary Lucy Vavasour,http://www.wikidata.org/entity/Q3589290,briefschrijver,Persoon naar Guido,https://www.wikidata.org/wiki/Q116621328,,,,,
http://www.wikidata.org/entity/Q116621552,Mathilde Catteeuw,http://www.wikidata.org/entity/Q3589290,briefschrijver,Persoon naar Guido,https://www.wikidata.org/wiki/Q116621552,,,http://commons.wikimedia.org/wiki/Special:FilePath/Doodsprentje%20Mathilde%20Catteeuw.tif,,
http://www.wikidata.org/entity/Q121053317,Maurice Vander Haeghen,http://www.wikidata.org/entity/Q3589290,briefschrijver,Persoon naar Guido,https://www.wikidata.org/wiki/Q121053317,,,,,
http://www.wikidata.org/entity/Q2413334,Max Rooses,http://www.wikidata.org/entity/Q3589290,briefschrijver,Persoon naar Guido,https://www.wikidata.org/wiki/Q2413334,https://nl.wikipedia.org/wiki/Max_Rooses,https://commons.wikimedia.org/wiki/Category:Max Rooses,http://commons.wikimedia.org/wiki/Special:FilePath/Max%20Rooses.jpg,,https://viaf.org/viaf/46856803
http://www.wikidata.org/entity/Q125559455,Medardus Van De Poele,http://www.wikidata.org/entity/Q3589290,briefschrijver,Persoon naar Guido,https://www.wikidata.org/wiki/Q125559455,,,,,
http://www.wikidata.org/entity/Q118612085,Michael Buckley,http://www.wikidata.org/entity/Q3589290,briefschrijver,Persoon naar Guido,https://www.wikidata.org/wiki/Q118612085,,,,,
http://www.wikidata.org/entity/Q15982597,Monica De Vriese,http://www.wikidata.org/entity/Q3589290,briefschrijver,Persoon naar Guido,https://www.wikidata.org/wiki/Q15982597,https://nl.wikipedia.org/wiki/Monica_Devriese,,http://commons.wikimedia.org/wiki/Special:FilePath/Bidprentje%20Monica%20De%20Vriese.jpg,,
http://www.wikidata.org/entity/Q18655152,Napoleon de Pauw,http://www.wikidata.org/entity/Q3589290,briefschrijver,Persoon naar Guido,https://www.wikidata.org/wiki/Q18655152,https://nl.wikipedia.org/wiki/Napoleon_de_Pauw,https://commons.wikimedia.org/wiki/Category:Napoléon de Pauw,http://commons.wikimedia.org/wiki/Special:FilePath/NapoleonDePauw.jpg,,https://viaf.org/viaf/44288885
http://www.wikidata.org/entity/Q672816,Nicholas Wiseman,http://www.wikidata.org/entity/Q3589290,briefschrijver,Persoon naar Guido,https://www.wikidata.org/wiki/Q672816,https://nl.wikipedia.org/wiki/Nicholas_Wiseman,https://commons.wikimedia.org/wiki/Category:Nicholas Wiseman,http://commons.wikimedia.org/wiki/Special:FilePath/Wiseman.jpg,,https://viaf.org/viaf/71399207
http://www.wikidata.org/entity/Q116621407,Octavie Petyt,http://www.wikidata.org/entity/Q3589290,briefschrijver,Persoon naar Guido,https://www.wikidata.org/wiki/Q116621407,,,,,
http://www.wikidata.org/entity/Q129121545,Oda Verriest,http://www.wikidata.org/entity/Q3589290,briefschrijver,Persoon naar Guido,https://www.wikidata.org/wiki/Q129121545,,,,,
http://www.wikidata.org/entity/Q784390,Paul Alberdingk Thijm,http://www.wikidata.org/entity/Q3589290,briefschrijver,Persoon naar Guido,https://www.wikidata.org/wiki/Q784390,https://nl.wikipedia.org/wiki/Paul_Alberdingk_Thijm,https://commons.wikimedia.org/wiki/Category:Paul Alberdingk Thijm,http://commons.wikimedia.org/wiki/Special:FilePath/Portret%20van%20Paul%20Alberdingk%20Thijm.jpg,,https://viaf.org/viaf/88674552
http://www.wikidata.org/entity/Q1896762,Paul Kiroul,http://www.wikidata.org/entity/Q3589290,briefschrijver,Persoon naar Guido,https://www.wikidata.org/wiki/Q1896762,https://nl.wikipedia.org/wiki/Paul_Kiroul,,,,https://viaf.org/viaf/65017440
http://www.wikidata.org/entity/Q56036064,Peter Jozef Scherpenseel,http://www.wikidata.org/entity/Q3589290,briefschrijver,Persoon naar Guido,https://www.wikidata.org/wiki/Q56036064,,,,,https://viaf.org/viaf/283414904
http://www.wikidata.org/entity/Q117244643,Philomena De Smet,http://www.wikidata.org/entity/Q3589290,briefschrijver,Persoon naar Guido,https://www.wikidata.org/wiki/Q117244643,,https://commons.wikimedia.org/wiki/Category:Philomena De Smet,,,
http://www.wikidata.org/entity/Q118732528,Pierre Laigneil,http://www.wikidata.org/entity/Q3589290,briefschrijver,Persoon naar Guido,https://www.wikidata.org/wiki/Q118732528,,,,,
http://www.wikidata.org/entity/Q28584401,Pierre Nicolas Croquison,http://www.wikidata.org/entity/Q3589290,briefschrijver,Persoon naar Guido,https://www.wikidata.org/wiki/Q28584401,https://nl.wikipedia.org/wiki/Pierre_Nicolas_Croquison,https://commons.wikimedia.org/wiki/Category:Pierre Nicolas Croquison,http://commons.wikimedia.org/wiki/Special:FilePath/Pierre%20Nicolas%20Croquison.jpg,,https://viaf.org/viaf/305190898
http://www.wikidata.org/entity/Q110039178,Pieter Baes,http://www.wikidata.org/entity/Q3589290,briefschrijver,Persoon naar Guido,https://www.wikidata.org/wiki/Q110039178,https://nl.wikipedia.org/wiki/Pieter_Baes,,,,
http://www.wikidata.org/entity/Q118136722,Pieter Benoit,http://www.wikidata.org/entity/Q3589290,briefschrijver,Persoon naar Guido,https://www.wikidata.org/wiki/Q118136722,,,,,
http://www.wikidata.org/entity/Q2182589,Pieter Busschaert,http://www.wikidata.org/entity/Q3589290,briefschrijver,Persoon naar Guido,https://www.wikidata.org/wiki/Q2182589,https://nl.wikipedia.org/wiki/Pieter_Busschaert_(priester),,,,
http://www.wikidata.org/entity/Q14101076,Pieter Génard,http://www.wikidata.org/entity/Q3589290,briefschrijver,Persoon naar Guido,https://www.wikidata.org/wiki/Q14101076,https://nl.wikipedia.org/wiki/Pieter_G%C3%A9nard,https://commons.wikimedia.org/wiki/Category:Pierre Génard,http://commons.wikimedia.org/wiki/Special:FilePath/PieterG%C3%A9nard.jpg,,https://viaf.org/viaf/4919200
http://www.wikidata.org/entity/Q15982596,Pieter Jan Gezelle,http://www.wikidata.org/entity/Q3589290,briefschrijver,Persoon naar Guido,https://www.wikidata.org/wiki/Q15982596,https://nl.wikipedia.org/wiki/Pieter_Jan_Gezelle,,,,
http://www.wikidata.org/entity/Q115836217,Pieter Plets,http://www.wikidata.org/entity/Q3589290,briefschrijver,Persoon naar Guido,https://www.wikidata.org/wiki/Q115836217,,,,,
http://www.wikidata.org/entity/Q22002048,Pieter Raoux,http://www.wikidata.org/entity/Q3589290,briefschrijver,Persoon naar Guido,https://www.wikidata.org/wiki/Q22002048,https://nl.wikipedia.org/wiki/Pieter_Raoux,,,,
http://www.wikidata.org/entity/Q6242432,Pieter Willems,http://www.wikidata.org/entity/Q3589290,briefschrijver,Persoon naar Guido,https://www.wikidata.org/wiki/Q6242432,https://nl.wikipedia.org/wiki/Pieter_Willems,,http://commons.wikimedia.org/wiki/Special:FilePath/PieterWillems.png,,https://viaf.org/viaf/100186215
http://www.wikidata.org/entity/Q42306892,Pieter van den Broeck,http://www.wikidata.org/entity/Q3589290,briefschrijver,Persoon naar Guido,https://www.wikidata.org/wiki/Q42306892,,,,,
http://www.wikidata.org/entity/Q110039180,Placidus Haghebaert,http://www.wikidata.org/entity/Q3589290,briefschrijver,Persoon naar Guido,https://www.wikidata.org/wiki/Q110039180,,,,,
http://www.wikidata.org/entity/Q3515115,Pol de Mont,http://www.wikidata.org/entity/Q3589290,briefschrijver,Persoon naar Guido,https://www.wikidata.org/wiki/Q3515115,https://nl.wikipedia.org/wiki/Pol_de_Mont,https://commons.wikimedia.org/wiki/Category:Pol de Mont,http://commons.wikimedia.org/wiki/Special:FilePath/Pol%20de%20Mont%201896.jpg,,https://viaf.org/viaf/46769376
http://www.wikidata.org/entity/Q110039361,Polydoor Dionysius Daniëls,http://www.wikidata.org/entity/Q3589290,briefschrijver,Persoon naar Guido,https://www.wikidata.org/wiki/Q110039361,,https://commons.wikimedia.org/wiki/Category:Polydoor Daniëls,http://commons.wikimedia.org/wiki/Special:FilePath/Eerwaarde%20Heer%20pastoor%20Dani%C3%ABls%2C%20PA04467.jpg,,
http://www.wikidata.org/entity/Q2754460,Prosper Antoine Van Langendonck,http://www.wikidata.org/entity/Q3589290,briefschrijver,Persoon naar Guido,https://www.wikidata.org/wiki/Q2754460,https://nl.wikipedia.org/wiki/Prosper_Antoine_Van_Langendonck,https://commons.wikimedia.org/wiki/Category:Prosper Van Langendonck,http://commons.wikimedia.org/wiki/Special:FilePath/Langendonck.jpg,,https://viaf.org/viaf/189680579
http://www.wikidata.org/entity/Q122801933,Rafaël Debo,http://www.wikidata.org/entity/Q3589290,briefschrijver,Persoon naar Guido,https://www.wikidata.org/wiki/Q122801933,,,,,
http://www.wikidata.org/entity/Q119699762,René Frans Adriaens,http://www.wikidata.org/entity/Q3589290,briefschrijver,Persoon naar Guido,https://www.wikidata.org/wiki/Q119699762,,,,,
http://www.wikidata.org/entity/Q64302,Richard Andree,http://www.wikidata.org/entity/Q3589290,briefschrijver,Persoon naar Guido,https://www.wikidata.org/wiki/Q64302,,https://commons.wikimedia.org/wiki/Category:Richard Andree,http://commons.wikimedia.org/wiki/Special:FilePath/%D0%A0%D0%B8%D1%85%D0%B0%D1%80%D0%B4%20%D0%90%D0%BD%D0%B4%D1%80%D0%B5.jpg,,https://viaf.org/viaf/32297669
http://www.wikidata.org/entity/Q64302,Richard Andree,http://www.wikidata.org/entity/Q3589290,briefschrijver,Persoon naar Guido,https://www.wikidata.org/wiki/Q64302,,https://commons.wikimedia.org/wiki/Category:Richard Andree,http://commons.wikimedia.org/wiki/Special:FilePath/%D0%A0%D0%B8%D1%85%D0%B0%D1%80%D0%B4%20%D0%90%D0%BD%D0%B4%D1%80%D0%B5.jpg,,https://viaf.org/viaf/316496563
http://www.wikidata.org/entity/Q117244395,Romaan Gislijn Gezelle,http://www.wikidata.org/entity/Q3589290,briefschrijver,Persoon naar Guido,https://www.wikidata.org/wiki/Q117244395,,,,,
http://www.wikidata.org/entity/Q119006339,Samuel Roper,http://www.wikidata.org/entity/Q3589290,briefschrijver,Persoon naar Guido,https://www.wikidata.org/wiki/Q119006339,,,,,
http://www.wikidata.org/entity/Q116508674,Savina L.J. van Caloen-de Gourcy,http://www.wikidata.org/entity/Q3589290,briefschrijver,Persoon naar Guido,https://www.wikidata.org/wiki/Q116508674,https://nl.wikipedia.org/wiki/Savina_de_Gourcy_Serainchamps,https://commons.wikimedia.org/wiki/Category:Savina de Gourcy Serainchamps,http://commons.wikimedia.org/wiki/Special:FilePath/Foto%20Savina%20Van%20Caloen.tif,,
http://www.wikidata.org/entity/Q14331462,Seraphijn Dequidt,http://www.wikidata.org/entity/Q3589290,briefschrijver,Persoon naar Guido,https://www.wikidata.org/wiki/Q14331462,https://nl.wikipedia.org/wiki/Seraphijn_Dequidt,,,,
http://www.wikidata.org/entity/Q56036025,Servaas Domien Daems,http://www.wikidata.org/entity/Q3589290,briefschrijver,Persoon naar Guido,https://www.wikidata.org/wiki/Q56036025,,,,,https://viaf.org/viaf/205202040
http://www.wikidata.org/entity/Q116620790,Sophia Elizabeth Peeters,http://www.wikidata.org/entity/Q3589290,briefschrijver,Persoon naar Guido,https://www.wikidata.org/wiki/Q116620790,https://nl.wikipedia.org/wiki/Sophia_Elizabeth_Peeters,https://commons.wikimedia.org/wiki/Category:Sophia Elizabeth Peeters,http://commons.wikimedia.org/wiki/Special:FilePath/Portret%20Sophie%20Peeters.jpg,,
http://www.wikidata.org/entity/Q175669,Stijn Streuvels,http://www.wikidata.org/entity/Q3589290,briefschrijver,Persoon naar Guido,https://www.wikidata.org/wiki/Q175669,https://nl.wikipedia.org/wiki/Stijn_Streuvels,https://commons.wikimedia.org/wiki/Category:Stijn Streuvels,http://commons.wikimedia.org/wiki/Special:FilePath/Stijn%20Streuvels%20by%20Modest%20Huys%20%28cropped%29.jpg,,https://viaf.org/viaf/24708474
http://www.wikidata.org/entity/Q175669,Stijn Streuvels,http://www.wikidata.org/entity/Q3589290,briefschrijver,Persoon naar Guido,https://www.wikidata.org/wiki/Q175669,https://nl.wikipedia.org/wiki/Stijn_Streuvels,https://commons.wikimedia.org/wiki/Category:Stijn Streuvels,http://commons.wikimedia.org/wiki/Special:FilePath/Stijn%20Streuvels%20by%20Modest%20Huys.jpg,,https://viaf.org/viaf/24708474
http://www.wikidata.org/entity/Q116621828,Stéphanie Hendryckx,http://www.wikidata.org/entity/Q3589290,briefschrijver,Persoon naar Guido,https://www.wikidata.org/wiki/Q116621828,https://nl.wikipedia.org/wiki/Stephanie_Hendryckx,,,,
http://www.wikidata.org/entity/Q56036026,Taco Hajo de Beer,http://www.wikidata.org/entity/Q3589290,briefschrijver,Persoon naar Guido,https://www.wikidata.org/wiki/Q56036026,,,,,https://viaf.org/viaf/291277734
http://www.wikidata.org/entity/Q116620970,Teresa Hercy,http://www.wikidata.org/entity/Q3589290,briefschrijver,Persoon naar Guido,https://www.wikidata.org/wiki/Q116620970,,,,,
http://www.wikidata.org/entity/Q719358,Theophiel Coopman,http://www.wikidata.org/entity/Q3589290,briefschrijver,Persoon naar Guido,https://www.wikidata.org/wiki/Q719358,https://nl.wikipedia.org/wiki/Theophiel_Coopman,https://commons.wikimedia.org/wiki/Category:Theophiel Coopman,http://commons.wikimedia.org/wiki/Special:FilePath/Theophiel%20Coopman%20%281852-1915%29.jpg,,https://viaf.org/viaf/81227852
http://www.wikidata.org/entity/Q7790140,Thomas Grant,http://www.wikidata.org/entity/Q3589290,briefschrijver,Persoon naar Guido,https://www.wikidata.org/wiki/Q7790140,,,,,https://viaf.org/viaf/63701416
http://www.wikidata.org/entity/Q120248482,Thomas Harrison Sale,http://www.wikidata.org/entity/Q3589290,briefschrijver,Persoon naar Guido,https://www.wikidata.org/wiki/Q120248482,,,,,
http://www.wikidata.org/entity/Q3557112,Victor Alexis dela Montagne,http://www.wikidata.org/entity/Q3589290,briefschrijver,Persoon naar Guido,https://www.wikidata.org/wiki/Q3557112,https://nl.wikipedia.org/wiki/Victor_dela_Montagne,,http://commons.wikimedia.org/wiki/Special:FilePath/Victor%20De%20la%20Montagne.png,,https://viaf.org/viaf/40147647
http://www.wikidata.org/entity/Q115818151,Victor Beheyt,http://www.wikidata.org/entity/Q3589290,briefschrijver,Persoon naar Guido,https://www.wikidata.org/wiki/Q115818151,,,,,
http://www.wikidata.org/entity/Q118151362,Victor Leonardus Franciscus Goethals,http://www.wikidata.org/entity/Q3589290,briefschrijver,Persoon naar Guido,https://www.wikidata.org/wiki/Q118151362,,,,,
http://www.wikidata.org/entity/Q113681935,Victor Van Coillie,http://www.wikidata.org/entity/Q3589290,briefschrijver,Persoon naar Guido,https://www.wikidata.org/wiki/Q113681935,https://nl.wikipedia.org/wiki/Victor_Van_Coillie,,,,
http://www.wikidata.org/entity/Q29019503,Willem De Vreese,http://www.wikidata.org/entity/Q3589290,briefschrijver,Persoon naar Guido,https://www.wikidata.org/wiki/Q29019503,https://nl.wikipedia.org/wiki/Willem_De_Vreese,https://commons.wikimedia.org/wiki/Category:Willem De Vreese,http://commons.wikimedia.org/wiki/Special:FilePath/WillemDeVreese.jpg,,https://viaf.org/viaf/12599163
http://www.wikidata.org/entity/Q118644563,William Crombleholme,http://www.wikidata.org/entity/Q3589290,briefschrijver,Persoon naar Guido,https://www.wikidata.org/wiki/Q118644563,,,,,
http://www.wikidata.org/entity/Q2062803,William Henry James Weale,http://www.wikidata.org/entity/Q3589290,briefschrijver,Persoon naar Guido,https://www.wikidata.org/wiki/Q2062803,https://nl.wikipedia.org/wiki/James_Weale,https://commons.wikimedia.org/wiki/Category:James Weale,http://commons.wikimedia.org/wiki/Special:FilePath/James%20Weale.jpg,,https://viaf.org/viaf/88944947
http://www.wikidata.org/entity/Q120471627,William Thompson,http://www.wikidata.org/entity/Q3589290,briefschrijver,Persoon naar Guido,https://www.wikidata.org/wiki/Q120471627,,,,,
http://www.wikidata.org/entity/Q118766019,William Woodlock,http://www.wikidata.org/entity/Q3589290,briefschrijver,Persoon naar Guido,https://www.wikidata.org/wiki/Q118766019,,,,,
http://www.wikidata.org/entity/Q116620896,Zulma De Bo,http://www.wikidata.org/entity/Q3589290,briefschrijver,Persoon naar Guido,https://www.wikidata.org/wiki/Q116620896,,,,,
http://www.wikidata.org/entity/Q132321532,Charles De Zitter,http://www.wikidata.org/entity/Q1986893,buur,Persoon naar Guido,https://www.wikidata.org/wiki/Q132321532,,,,,
http://www.wikidata.org/entity/Q132321595,Esther Defoor,http://www.wikidata.org/entity/Q1986893,buur,Persoon naar Guido,https://www.wikidata.org/wiki/Q132321595,,,,,
http://www.wikidata.org/entity/Q132321245,Esther Martine Eugénie Clémence Marie Ghislaine De Zitter,http://www.wikidata.org/entity/Q1986893,buur,Persoon naar Guido,https://www.wikidata.org/wiki/Q132321245,,,,,
http://www.wikidata.org/entity/Q132321506,Martine De Zitter,http://www.wikidata.org/entity/Q1986893,buur,Persoon naar Guido,https://www.wikidata.org/wiki/Q132321506,,,,,
http://www.wikidata.org/entity/Q116522102,Sidonie Mahieu,http://www.wikidata.org/entity/Q1155838,correspondent,Persoon naar Guido,https://www.wikidata.org/wiki/Q116522102,,,,,
http://www.wikidata.org/entity/Q136849457,Jules François Vermaut,http://www.wikidata.org/entity/Q852835,klant,Persoon naar Guido,https://www.wikidata.org/wiki/Q136849457,,,,,
http://www.wikidata.org/entity/Q136814999,Louis François Van den Bilcke,http://www.wikidata.org/entity/Q852835,klant,Persoon naar Guido,https://www.wikidata.org/wiki/Q136814999,,,,,
http://www.wikidata.org/entity/Q13429634,Angelus August Eugeen Angillis,http://www.wikidata.org/entity/Q28008283,klasgenoot,Persoon naar Guido,https://www.wikidata.org/wiki/Q13429634,https://nl.wikipedia.org/wiki/Angelus_August_Eugeen_Angillis,,,,https://viaf.org/viaf/289004073
http://www.wikidata.org/entity/Q126687489,Romain Joseph Lagae,http://www.wikidata.org/entity/Q181600,patiënt,Persoon naar Guido,https://www.wikidata.org/wiki/Q126687489,,,,,
http://www.wikidata.org/entity/Q100534520,Adolf Verriest,http://www.wikidata.org/entity/Q17297777,vriend,Persoon naar Guido,https://www.wikidata.org/wiki/Q100534520,https://nl.wikipedia.org/wiki/Adolf_Verriest,,http://commons.wikimedia.org/wiki/Special:FilePath/Adolf%20Karel%20vader%20Petrus%20moeder%20Carolina%20Verriest%20in%201861.jpg,,
http://www.wikidata.org/entity/Q119621396,Alfons Steinmetz,http://www.wikidata.org/entity/Q17297777,vriend,Persoon naar Guido,https://www.wikidata.org/wiki/Q119621396,,,,,
http://www.wikidata.org/entity/Q113627806,Hendrik Karel Van Doorne,http://www.wikidata.org/entity/Q17297777,vriend,Persoon naar Guido,https://www.wikidata.org/wiki/Q113627806,https://nl.wikipedia.org/wiki/Hendrik_Karel_Van_Doorne,,,,
http://www.wikidata.org/entity/Q119701807,Joseph Cox Algar,http://www.wikidata.org/entity/Q17297777,vriend,Persoon naar Guido,https://www.wikidata.org/wiki/Q119701807,,,,,
http://www.wikidata.org/entity/Q2182306,Pieter Boutens,http://www.wikidata.org/entity/Q17297777,vriend,Persoon naar Guido,https://www.wikidata.org/wiki/Q2182306,https://nl.wikipedia.org/wiki/Pieter_Boutens,,,,
http://www.wikidata.org/entity/Q2393557,Theodoor Sevens,http://www.wikidata.org/entity/Q17297777,vriend,Persoon naar Guido,https://www.wikidata.org/wiki/Q2393557,https://nl.wikipedia.org/wiki/Theodoor_Sevens,https://commons.wikimedia.org/wiki/Category:Theodoor Sevens,http://commons.wikimedia.org/wiki/Special:FilePath/Een%20portretfoto%20van%20Theodoor%20Sevens%205.jpg,,https://viaf.org/viaf/89533804
http://www.wikidata.org/entity/Q113466955,Cordelia Van de Wiele,http://www.wikidata.org/entity/Q3053337,werkgever,Persoon naar Guido,https://www.wikidata.org/wiki/Q113466955,https://nl.wikipedia.org/wiki/Cordelia_Van_de_Wiele,,http://commons.wikimedia.org/wiki/Special:FilePath/Cordelia%20Van%20de%20Wiele%20-%20secretaresse%20Guido%20Gezelle.jpg,,https://viaf.org/viaf/284507189
