Source,Target,Type,Weight,Relatie Type
Q100534520,Q1867263,Undirected,1,Onderwijsinstelling
Q100534520,Q644789,Undirected,1,Onderwijsinstelling
Q101627274,Q2985460,Undirected,1,Lid van
Q101627274,Q119853947,Undirected,1,Werkgever
Q101627274,Q118369334,Undirected,1,Werkgever
Q110039159,Q118369334,Undirected,1,Onderwijsinstelling
Q110039159,Q1867263,Undirected,1,Onderwijsinstelling
Q110039159,Q2663876,Undirected,1,Werkgever
Q110039159,Q2479554,Undirected,1,Onderwijsinstelling
Q110039159,Q113951185,Undirected,1,Lid van
Q110039159,Q644789,Undirected,1,Onderwijsinstelling
Q110039159,Q50492927,Undirected,1,Lid van
Q110039170,Q15882061,Undirected,1,Werkgever
Q110039170,Q118369334,Undirected,1,Werkgever
Q110039170,Q118456609,Undirected,1,Onderwijsinstelling
Q110039170,Q2663876,Undirected,1,Werkgever
Q110039170,Q2690997,Undirected,1,Lid van
Q110039178,Q15882061,Undirected,1,Onderwijsinstelling
Q110039178,Q118369084,Undirected,1,Lid van
Q110039178,Q118370108,Undirected,1,Werkgever
Q110039178,Q2663876,Undirected,1,Werkgever
Q110039180,Q15882061,Undirected,1,Onderwijsinstelling
Q110039180,Q118369084,Undirected,1,Lid van
Q110039180,Q1867263,Undirected,1,Onderwijsinstelling
Q110039180,Q2479554,Undirected,1,Onderwijsinstelling
Q110039180,Q644789,Undirected,1,Onderwijsinstelling
Q110039191,Q2185331,Undirected,1,Werkgever
Q110039191,Q2480833,Undirected,1,Werkgever
Q110039191,Q2663876,Undirected,1,Werkgever
Q110039191,Q2018402,Undirected,1,Werkgever
Q110039191,Q2139232,Undirected,1,Werkgever
Q110039191,Q231768,Undirected,1,Werkgever
Q110039252,Q1867263,Undirected,1,Onderwijsinstelling
Q110039252,Q1867263,Undirected,1,Werkgever
Q110039252,Q2479554,Undirected,1,Werkgever
Q110039252,Q120650189,Undirected,1,Werkgever
Q110039260,Q120721459,Undirected,1,Onderwijsinstelling
Q110039260,Q120721497,Undirected,1,Onderwijsinstelling
Q110039260,Q120721543,Undirected,1,Onderwijsinstelling
Q110039361,Q125919486,Undirected,1,Werkgever
Q110039361,Q95909676,Undirected,1,Werkgever
Q110039361,Q2000918,Undirected,1,Werkgever
Q11029222,Q4648351,Undirected,1,Onderwijsinstelling
Q11029222,Q4648351,Undirected,1,Werkgever
Q11071766,Q119702334,Undirected,1,Lid van
Q11071766,Q113988659,Undirected,1,Onderwijsinstelling
Q11071766,Q118464788,Undirected,1,Onderwijsinstelling
Q11071766,Q1867263,Undirected,1,Onderwijsinstelling
Q111342238,Q45262579,Undirected,1,Lid van
Q111342238,Q2663876,Undirected,1,Onderwijsinstelling
Q111744944,Q109663038,Undirected,1,Werkgever
Q113627806,Q1867263,Undirected,1,Onderwijsinstelling
Q113627806,Q119702334,Undirected,1,Lid van
Q113627806,Q118464788,Undirected,1,Onderwijsinstelling
Q113627806,Q118464734,Undirected,1,Onderwijsinstelling
Q113675636,Q114232670,Undirected,1,Werkgever
Q113675636,Q52224323,Undirected,1,Werkgever
Q113675636,Q52380328,Undirected,1,Werkgever
Q113675636,Q1867263,Undirected,1,Onderwijsinstelling
Q113675636,Q122898958,Undirected,1,Werkgever
Q113675636,Q119702334,Undirected,1,Lid van
Q113681935,Q2663876,Undirected,1,Werkgever
Q113681935,Q2018402,Undirected,1,Werkgever
Q113681935,Q1867263,Undirected,1,Onderwijsinstelling
Q113731929,Q1867263,Undirected,1,Werkgever
Q113754119,Q2663876,Undirected,1,Onderwijsinstelling
Q113754119,Q3039683,Undirected,1,Lid van
Q113925472,Q2663876,Undirected,1,Werkgever
Q113925472,Q118744262,Undirected,1,Lid van
Q114081509,Q644789,Undirected,1,Onderwijsinstelling
Q114081509,Q118369334,Undirected,1,Onderwijsinstelling
Q114081509,Q118744262,Undirected,1,Lid van
Q114945031,Q2479554,Undirected,1,Werkgever
Q115308515,Q2018402,Undirected,1,Werkgever
Q115806479,Q2018402,Undirected,1,Werkgever
Q115807960,Q1867263,Undirected,1,Onderwijsinstelling
Q115808465,Q1867263,Undirected,1,Werkgever
Q115809464,Q120729028,Undirected,1,Werkgever
Q115809464,Q114232670,Undirected,1,Werkgever
Q115809938,Q52380328,Undirected,1,Werkgever
Q115809938,Q2663876,Undirected,1,Werkgever
Q115811038,Q1867263,Undirected,1,Onderwijsinstelling
Q115811038,Q2663876,Undirected,1,Werkgever
Q115811038,Q119702334,Undirected,1,Lid van
Q115811334,Q120835965,Undirected,1,Werkgever
Q115811334,Q120835988,Undirected,1,Werkgever
Q115811334,Q118369084,Undirected,1,Lid van
Q115811334,Q118388831,Undirected,1,Werkgever
Q115811334,Q2480833,Undirected,1,Werkgever
Q115811334,Q2985460,Undirected,1,Lid van
Q115811334,Q113988659,Undirected,1,Werkgever
Q115813025,Q2642320,Undirected,1,Lid van
Q115813555,Q49425918,Undirected,1,Onderwijsinstelling
Q115813555,Q120706320,Undirected,1,Werkgever
Q115813555,Q2237527,Undirected,1,Werkgever
Q115813641,Q2663876,Undirected,1,Werkgever
Q115815004,Q2663876,Undirected,1,Werkgever
Q115815004,Q118369334,Undirected,1,Werkgever
Q115815004,Q2480833,Undirected,1,Werkgever
Q115815697,Q119853947,Undirected,1,Werkgever
Q115816445,Q1867263,Undirected,1,Onderwijsinstelling
Q115817390,Q1867263,Undirected,1,Onderwijsinstelling
Q115817390,Q1867263,Undirected,1,Werkgever
Q115818009,Q52380328,Undirected,1,Werkgever
Q115818009,Q1867263,Undirected,1,Onderwijsinstelling
Q115818009,Q2479554,Undirected,1,Onderwijsinstelling
Q115818009,Q2018402,Undirected,1,Werkgever
Q115818151,Q118369361,Undirected,1,Werkgever
Q115818151,Q118369334,Undirected,1,Werkgever
Q115818151,Q2663876,Undirected,1,Werkgever
Q115818168,Q3977338,Undirected,1,Werkgever
Q115818424,Q118388831,Undirected,1,Werkgever
Q115818424,Q2663876,Undirected,1,Werkgever
Q115818424,Q2018402,Undirected,1,Werkgever
Q115818849,Q644789,Undirected,1,Werkgever
Q115818849,Q120693890,Undirected,1,Werkgever
Q115818849,Q2124530,Undirected,1,Werkgever
Q115818849,Q118456609,Undirected,1,Werkgever
Q115818849,Q1867263,Undirected,1,Onderwijsinstelling
Q115818849,Q2663876,Undirected,1,Werkgever
Q115818861,Q15882061,Undirected,1,Onderwijsinstelling
Q115819088,Q15882061,Undirected,1,Werkgever
Q115819088,Q1867263,Undirected,1,Onderwijsinstelling
Q115819139,Q13744144,Undirected,1,Werkgever
Q115819139,Q49425918,Undirected,1,Onderwijsinstelling
Q115820195,Q1867263,Undirected,1,Werkgever
Q115820195,Q118388831,Undirected,1,Werkgever
Q115820636,Q1867263,Undirected,1,Onderwijsinstelling
Q115820636,Q119702334,Undirected,1,Lid van
Q115821474,Q118369334,Undirected,1,Werkgever
Q115821474,Q118388831,Undirected,1,Werkgever
Q115821479,Q1807289,Undirected,1,Werkgever
Q115821483,Q2185331,Undirected,1,Werkgever
Q115821483,Q120462060,Undirected,1,Werkgever
Q115823191,Q45031341,Undirected,1,Werkgever
Q115823191,Q2185331,Undirected,1,Werkgever
Q115825488,Q1867263,Undirected,1,Werkgever
Q115825488,Q120653276,Undirected,1,Werkgever
Q115825488,Q2185331,Undirected,1,Onderwijsinstelling
Q115825488,Q2185331,Undirected,1,Werkgever
Q115825992,Q2304374,Undirected,1,Werkgever
Q115825992,Q2663876,Undirected,1,Werkgever
Q115825992,Q792369,Undirected,1,Werkgever
Q115826830,Q2469560,Undirected,1,Werkgever
Q115826830,Q50973665,Undirected,1,Werkgever
Q115827506,Q2469560,Undirected,1,Werkgever
Q115827696,Q1867263,Undirected,1,Onderwijsinstelling
Q115829623,Q118464788,Undirected,1,Onderwijsinstelling
Q115829623,Q467025,Undirected,1,Onderwijsinstelling
Q115829623,Q119702334,Undirected,1,Lid van
Q115829623,Q119853947,Undirected,1,Onderwijsinstelling
Q115829884,Q2690997,Undirected,1,Lid van
Q115829884,Q120831037,Undirected,1,Werkgever
Q115829884,Q2237527,Undirected,1,Werkgever
Q115829884,Q42197335,Undirected,1,Lid van
Q115830433,Q118541114,Undirected,1,Onderwijsinstelling
Q115830433,Q590398,Undirected,1,Werkgever
Q115830433,Q1867263,Undirected,1,Onderwijsinstelling
Q115830433,Q1867263,Undirected,1,Werkgever
Q115830433,Q2479554,Undirected,1,Werkgever
Q115831509,Q118464788,Undirected,1,Onderwijsinstelling
Q115833316,Q1867263,Undirected,1,Onderwijsinstelling
Q115834468,Q47113423,Undirected,1,Werkgever
Q115834690,Q1867263,Undirected,1,Werkgever
Q115834690,Q2479554,Undirected,1,Werkgever
Q115834833,Q1867263,Undirected,1,Onderwijsinstelling
Q115834833,Q2479554,Undirected,1,Onderwijsinstelling
Q115834834,Q118369084,Undirected,1,Lid van
Q115834834,Q2663876,Undirected,1,Werkgever
Q115834868,Q125535800,Undirected,1,Werkgever
Q115834868,Q1867263,Undirected,1,Onderwijsinstelling
Q115834868,Q2480833,Undirected,1,Werkgever
Q115834868,Q119702334,Undirected,1,Lid van
Q115834873,Q3151805,Undirected,1,Werkgever
Q115834873,Q1362697,Undirected,1,Werkgever
Q115834873,Q52224437,Undirected,1,Werkgever
Q115834873,Q49425918,Undirected,1,Onderwijsinstelling
Q115835156,Q644789,Undirected,1,Onderwijsinstelling
Q115835156,Q2304374,Undirected,1,Werkgever
Q115835156,Q1867263,Undirected,1,Werkgever
Q115835605,Q2663876,Undirected,1,Werkgever
Q115835605,Q118369334,Undirected,1,Werkgever
Q115835763,Q2479554,Undirected,1,Onderwijsinstelling
Q115835763,Q2479554,Undirected,1,Werkgever
Q115835763,Q644789,Undirected,1,Onderwijsinstelling
Q115835763,Q1867263,Undirected,1,Onderwijsinstelling
Q115836065,Q1867263,Undirected,1,Onderwijsinstelling
Q115836065,Q119702334,Undirected,1,Lid van
Q115836535,Q2663876,Undirected,1,Werkgever
Q115836535,Q2479554,Undirected,1,Onderwijsinstelling
Q115836535,Q2018402,Undirected,1,Onderwijsinstelling
Q115836535,Q2018402,Undirected,1,Werkgever
Q115836854,Q2185331,Undirected,1,Werkgever
Q115836854,Q118456609,Undirected,1,Onderwijsinstelling
Q115836962,Q2018402,Undirected,1,Werkgever
Q115836962,Q120855954,Undirected,1,Werkgever
Q115836962,Q118369084,Undirected,1,Lid van
Q115837342,Q2663876,Undirected,1,Werkgever
Q115837342,Q118369334,Undirected,1,Werkgever
Q115837593,Q2480833,Undirected,1,Werkgever
Q115837593,Q2018402,Undirected,1,Werkgever
Q115837593,Q120330461,Undirected,1,Werkgever
Q115837633,Q1867263,Undirected,1,Werkgever
Q115837633,Q2480833,Undirected,1,Werkgever
Q115837633,Q2663876,Undirected,1,Werkgever
Q115837633,Q2018402,Undirected,1,Werkgever
Q115837646,Q2479554,Undirected,1,Onderwijsinstelling
Q115838569,Q122877933,Undirected,1,Werkgever
Q115839088,Q13744144,Undirected,1,Onderwijsinstelling
Q115839088,Q644789,Undirected,1,Onderwijsinstelling
Q115839320,Q119767161,Undirected,1,Werkgever
Q115839353,Q113988659,Undirected,1,Werkgever
Q115839353,Q2690997,Undirected,1,Lid van
Q115839353,Q1867263,Undirected,1,Werkgever
Q115839353,Q2663876,Undirected,1,Werkgever
Q115839360,Q590398,Undirected,1,Werkgever
Q115839360,Q1867263,Undirected,1,Onderwijsinstelling
Q115839360,Q1867263,Undirected,1,Werkgever
Q115839360,Q2663876,Undirected,1,Werkgever
Q115839360,Q2479554,Undirected,1,Onderwijsinstelling
Q115839380,Q114232670,Undirected,1,Werkgever
Q115839443,Q121047069,Undirected,1,Werkgever
Q115839443,Q1867263,Undirected,1,Werkgever
Q115839965,Q1867263,Undirected,1,Onderwijsinstelling
Q115839975,Q644789,Undirected,1,Onderwijsinstelling
Q115839975,Q2185331,Undirected,1,Werkgever
Q115839975,Q2663876,Undirected,1,Werkgever
Q115840173,Q2109623,Undirected,1,Onderwijsinstelling
Q115840173,Q4728794,Undirected,1,Onderwijsinstelling
Q115840173,Q1867263,Undirected,1,Onderwijsinstelling
Q115840228,Q120787149,Undirected,1,Werkgever
Q115840234,Q118369334,Undirected,1,Werkgever
Q115840234,Q118390369,Undirected,1,Werkgever
Q115840234,Q2480833,Undirected,1,Werkgever
Q115840920,Q1867263,Undirected,1,Onderwijsinstelling
Q115840920,Q2479554,Undirected,1,Onderwijsinstelling
Q115840920,Q875554,Undirected,1,Werkgever
Q115841074,Q49425918,Undirected,1,Onderwijsinstelling
Q115841074,Q3151805,Undirected,1,Werkgever
Q115841074,Q13924486,Undirected,1,Onderwijsinstelling
Q115841074,Q2237527,Undirected,1,Onderwijsinstelling
Q115842281,Q113988734,Undirected,1,Werkgever
Q115842281,Q1867263,Undirected,1,Werkgever
Q115844105,Q2480833,Undirected,1,Werkgever
Q115844105,Q2663876,Undirected,1,Werkgever
Q115844668,Q118369334,Undirected,1,Werkgever
Q115844668,Q2663876,Undirected,1,Werkgever
Q115844668,Q113988734,Undirected,1,Werkgever
Q115979029,Q2480833,Undirected,1,Werkgever
Q115979048,Q2479554,Undirected,1,Onderwijsinstelling
Q115979048,Q2018402,Undirected,1,Werkgever
Q115979048,Q114232670,Undirected,1,Werkgever
Q115979130,Q1867263,Undirected,1,Onderwijsinstelling
Q115979130,Q2480833,Undirected,1,Werkgever
Q115979130,Q2663876,Undirected,1,Werkgever
Q115979130,Q113988734,Undirected,1,Werkgever
Q115979140,Q118369361,Undirected,1,Werkgever
Q115979140,Q2663876,Undirected,1,Werkgever
Q115979140,Q2018402,Undirected,1,Werkgever
Q115979140,Q2690997,Undirected,1,Lid van
Q115979418,Q118369334,Undirected,1,Werkgever
Q115979418,Q118464951,Undirected,1,Werkgever
Q115979418,Q1867263,Undirected,1,Onderwijsinstelling
Q115979418,Q2663876,Undirected,1,Werkgever
Q115979418,Q119702334,Undirected,1,Lid van
Q115979418,Q2479554,Undirected,1,Onderwijsinstelling
Q115979812,Q118369334,Undirected,1,Werkgever
Q115979812,Q2185331,Undirected,1,Werkgever
Q115979952,Q113988659,Undirected,1,Werkgever
Q115979952,Q114232670,Undirected,1,Werkgever
Q115979952,Q15882061,Undirected,1,Werkgever
Q115979952,Q122901389,Undirected,1,Werkgever
Q115979952,Q2479554,Undirected,1,Onderwijsinstelling
Q115979994,Q2663876,Undirected,1,Werkgever
Q115979994,Q2479554,Undirected,1,Onderwijsinstelling
Q115979996,Q113988734,Undirected,1,Werkgever
Q115979996,Q119702334,Undirected,1,Lid van
Q115980044,Q644789,Undirected,1,Onderwijsinstelling
Q115980044,Q121078675,Undirected,1,Werkgever
Q115980044,Q121078697,Undirected,1,Werkgever
Q115980044,Q2237527,Undirected,1,Onderwijsinstelling
Q115980044,Q49425918,Undirected,1,Onderwijsinstelling
Q115980044,Q3151805,Undirected,1,Werkgever
Q115980136,Q1867263,Undirected,1,Onderwijsinstelling
Q115980136,Q1867263,Undirected,1,Werkgever
Q115980136,Q119702334,Undirected,1,Lid van
Q115981931,Q1867263,Undirected,1,Werkgever
Q115981931,Q119767161,Undirected,1,Werkgever
Q115981938,Q1867263,Undirected,1,Onderwijsinstelling
Q115981938,Q119702334,Undirected,1,Lid van
Q115981938,Q118369334,Undirected,1,Werkgever
Q115982426,Q47113423,Undirected,1,Werkgever
Q115982426,Q120999387,Undirected,1,Werkgever
Q115982485,Q15882061,Undirected,1,Werkgever
Q115982545,Q2663876,Undirected,1,Werkgever
Q115982545,Q118369084,Undirected,1,Lid van
Q115982548,Q2663876,Undirected,1,Werkgever
Q115982548,Q15882061,Undirected,1,Werkgever
Q115982548,Q1867263,Undirected,1,Onderwijsinstelling
Q115982585,Q1867263,Undirected,1,Onderwijsinstelling
Q115982585,Q2663876,Undirected,1,Onderwijsinstelling
Q116460145,Q122904531,Undirected,1,Werkgever
Q116460145,Q2329939,Undirected,1,Werkgever
Q116621811,Q2562388,Undirected,1,Onderwijsinstelling
Q116621828,Q336977,Undirected,1,Werkgever
Q116660566,Q123425604,Undirected,1,Lid van
Q116679969,Q644789,Undirected,1,Onderwijsinstelling
Q117226377,Q123413231,Undirected,1,Lid van
Q117244395,Q2663876,Undirected,1,Onderwijsinstelling
Q117264774,Q2562388,Undirected,1,Onderwijsinstelling
Q118136722,Q8019579,Undirected,1,Werkgever
Q118136722,Q118351827,Undirected,1,Werkgever
Q118136722,Q1867263,Undirected,1,Onderwijsinstelling
Q118136722,Q2479554,Undirected,1,Onderwijsinstelling
Q118142378,Q2663876,Undirected,1,Werkgever
Q118151362,Q2663876,Undirected,1,Werkgever
Q118151362,Q644789,Undirected,1,Onderwijsinstelling
Q118175361,Q118395385,Undirected,1,Werkgever
Q118175361,Q2663876,Undirected,1,Werkgever
Q118175361,Q120979288,Undirected,1,Werkgever
Q118289639,Q118192664,Undirected,1,Werkgever
Q118289639,Q118197697,Undirected,1,Werkgever
Q118289639,Q118213723,Undirected,1,Werkgever
Q118289639,Q118220602,Undirected,1,Werkgever
Q118555164,Q1942100,Undirected,1,Werkgever
Q118555164,Q1268453,Undirected,1,Lid van
Q118555164,Q644789,Undirected,1,Onderwijsinstelling
Q118612085,Q1867263,Undirected,1,Onderwijsinstelling
Q118612085,Q111317357,Undirected,1,Lid van
Q118612085,Q118369334,Undirected,1,Onderwijsinstelling
Q118644563,Q1867263,Undirected,1,Onderwijsinstelling
Q118644563,Q2479554,Undirected,1,Onderwijsinstelling
Q118725738,Q1867263,Undirected,1,Onderwijsinstelling
Q118725738,Q119702334,Undirected,1,Lid van
Q118732528,Q1867263,Undirected,1,Onderwijsinstelling
Q118792556,Q119702334,Undirected,1,Lid van
Q118792556,Q981752,Undirected,1,Onderwijsinstelling
Q118792556,Q118464788,Undirected,1,Onderwijsinstelling
Q118792556,Q1867263,Undirected,1,Onderwijsinstelling
Q118998340,Q1864590,Undirected,1,Onderwijsinstelling
Q118998340,Q118464788,Undirected,1,Onderwijsinstelling
Q118998471,Q2663876,Undirected,1,Onderwijsinstelling
Q118998471,Q1930349,Undirected,1,Werkgever
Q119013873,Q1867263,Undirected,1,Werkgever
Q119013873,Q2479554,Undirected,1,Onderwijsinstelling
Q119013873,Q120922737,Undirected,1,Werkgever
Q119039938,Q2663876,Undirected,1,Onderwijsinstelling
Q119039938,Q118369334,Undirected,1,Onderwijsinstelling
Q119040262,Q2663876,Undirected,1,Onderwijsinstelling
Q119040262,Q644789,Undirected,1,Onderwijsinstelling
Q119041387,Q1867263,Undirected,1,Onderwijsinstelling
Q119041387,Q644789,Undirected,1,Onderwijsinstelling
Q119621396,Q1867263,Undirected,1,Onderwijsinstelling
Q119690392,Q1867263,Undirected,1,Onderwijsinstelling
Q119690392,Q482622,Undirected,1,Onderwijsinstelling
Q119690392,Q482622,Undirected,1,Lid van
Q119690392,Q119702334,Undirected,1,Lid van
Q119699762,Q1867263,Undirected,1,Onderwijsinstelling
Q119699762,Q644789,Undirected,1,Onderwijsinstelling
Q119701807,Q81162,Undirected,1,Onderwijsinstelling
Q119701807,Q118464734,Undirected,1,Werkgever
Q119701807,Q1867263,Undirected,1,Werkgever
Q119794240,Q1867263,Undirected,1,Onderwijsinstelling
Q119794240,Q119702334,Undirected,1,Lid van
Q119797432,Q1867263,Undirected,1,Onderwijsinstelling
Q120176244,Q1867263,Undirected,1,Onderwijsinstelling
Q120176244,Q119702334,Undirected,1,Lid van
Q120191174,Q1867263,Undirected,1,Onderwijsinstelling
Q120199426,Q644789,Undirected,1,Onderwijsinstelling
Q120199426,Q1391755,Undirected,1,Onderwijsinstelling
Q120199426,Q1867263,Undirected,1,Onderwijsinstelling
Q120248482,Q1867263,Undirected,1,Onderwijsinstelling
Q120333083,Q118464788,Undirected,1,Werkgever
Q120333083,Q2479554,Undirected,1,Werkgever
Q120377148,Q118464788,Undirected,1,Onderwijsinstelling
Q120377148,Q1867263,Undirected,1,Onderwijsinstelling
Q120377148,Q119702334,Undirected,1,Lid van
Q120442396,Q1867263,Undirected,1,Werkgever
Q120442396,Q2479554,Undirected,1,Werkgever
Q120472271,Q120472465,Undirected,1,Onderwijsinstelling
Q120489194,Q52215729,Undirected,1,Werkgever
Q120491424,Q1867263,Undirected,1,Onderwijsinstelling
Q120504176,Q1867263,Undirected,1,Werkgever
Q120504176,Q2663876,Undirected,1,Onderwijsinstelling
Q120504176,Q2479554,Undirected,1,Werkgever
Q120550899,Q2746779,Undirected,1,Onderwijsinstelling
Q120651810,Q115762138,Undirected,1,Lid van
Q120651810,Q2985460,Undirected,1,Lid van
Q120718341,Q15882061,Undirected,1,Onderwijsinstelling
Q120721942,Q120721984,Undirected,1,Werkgever
Q120721942,Q118369334,Undirected,1,Werkgever
Q120721942,Q1867263,Undirected,1,Werkgever
Q120721942,Q25399406,Undirected,1,Werkgever
Q120727152,Q644789,Undirected,1,Onderwijsinstelling
Q120727152,Q50492927,Undirected,1,Lid van
Q120727152,Q118369334,Undirected,1,Onderwijsinstelling
Q120729190,Q644789,Undirected,1,Onderwijsinstelling
Q120729190,Q1867263,Undirected,1,Onderwijsinstelling
Q120729190,Q2479554,Undirected,1,Onderwijsinstelling
Q120729903,Q118464788,Undirected,1,Onderwijsinstelling
Q120729903,Q1867263,Undirected,1,Onderwijsinstelling
Q120729903,Q119702334,Undirected,1,Lid van
Q120733873,Q50492927,Undirected,1,Lid van
Q120733873,Q2690997,Undirected,1,Lid van
Q120733873,Q118369084,Undirected,1,Lid van
Q120884878,Q118369334,Undirected,1,Werkgever
Q120897770,Q2690997,Undirected,1,Lid van
Q120913841,Q2985460,Undirected,1,Lid van
Q120920568,Q118369084,Undirected,1,Lid van
Q120920666,Q118369084,Undirected,1,Lid van
Q120973922,Q1867263,Undirected,1,Onderwijsinstelling
Q120973922,Q2663876,Undirected,1,Onderwijsinstelling
Q120999228,Q13924486,Undirected,1,Werkgever
Q120999304,Q52215696,Undirected,1,Onderwijsinstelling
Q120999304,Q52215696,Undirected,1,Werkgever
Q120999304,Q120999387,Undirected,1,Werkgever
Q120999304,Q120999938,Undirected,1,Werkgever
Q121000890,Q125776794,Undirected,1,Lid van
Q121002664,Q41992214,Undirected,1,Werkgever
Q121078001,Q2005895,Undirected,1,Onderwijsinstelling
Q122842009,Q336968,Undirected,1,Onderwijsinstelling
Q122872579,Q763499,Undirected,1,Onderwijsinstelling
Q122872579,Q467025,Undirected,1,Onderwijsinstelling
Q122884053,Q2663876,Undirected,1,Onderwijsinstelling
Q122884757,Q2983632,Undirected,1,Onderwijsinstelling
Q122884757,Q2663876,Undirected,1,Onderwijsinstelling
Q122884757,Q192621,Undirected,1,Werkgever
Q122884757,Q5053225,Undirected,1,Werkgever
Q122903266,Q2048489,Undirected,1,Onderwijsinstelling
Q122903266,Q183231,Undirected,1,Werkgever
Q122903266,Q13924486,Undirected,1,Onderwijsinstelling
Q122915335,Q2619680,Undirected,1,Werkgever
Q122963358,Q1867263,Undirected,1,Onderwijsinstelling
Q122963358,Q2663876,Undirected,1,Onderwijsinstelling
Q122971209,Q82133,Undirected,1,Werkgever
Q122971559,Q2185331,Undirected,1,Werkgever
Q122971559,Q52380301,Undirected,1,Werkgever
Q122971559,Q114232670,Undirected,1,Werkgever
Q123399443,Q118464951,Undirected,1,Werkgever
Q123416074,Q1867263,Undirected,1,Onderwijsinstelling
Q123416074,Q2005895,Undirected,1,Onderwijsinstelling
Q123689972,Q123690066,Undirected,1,Werkgever
Q123689972,Q2018402,Undirected,1,Werkgever
Q123722465,Q644789,Undirected,1,Onderwijsinstelling
Q123742237,Q644789,Undirected,1,Onderwijsinstelling
Q123742237,Q1864590,Undirected,1,Onderwijsinstelling
Q125361599,Q2562388,Undirected,1,Onderwijsinstelling
Q125472556,Q1867263,Undirected,1,Onderwijsinstelling
Q125472922,Q119702334,Undirected,1,Lid van
Q125535061,Q981752,Undirected,1,Onderwijsinstelling
Q125535110,Q34433,Undirected,1,Onderwijsinstelling
Q125535110,Q170027,Undirected,1,Onderwijsinstelling
Q125535110,Q1867263,Undirected,1,Onderwijsinstelling
Q125541827,Q2957897,Undirected,1,Werkgever
Q125819387,Q1867263,Undirected,1,Onderwijsinstelling
Q125819387,Q119702334,Undirected,1,Lid van
Q126113249,Q1867263,Undirected,1,Onderwijsinstelling
Q1280942,Q644789,Undirected,1,Onderwijsinstelling
Q1286149,Q805285,Undirected,1,Onderwijsinstelling
Q1286149,Q81087,Undirected,1,Onderwijsinstelling
Q1286149,Q1247373,Undirected,1,Onderwijsinstelling
Q131923924,Q131926511,Undirected,1,Werkgever
Q1334711,Q1268453,Undirected,1,Lid van
Q1334711,Q654185,Undirected,1,Lid van
Q1334711,Q2237463,Undirected,1,Lid van
Q1334711,Q726678,Undirected,1,Lid van
Q13429634,Q2267896,Undirected,1,Lid van
Q13429634,Q42197335,Undirected,1,Lid van
Q13429634,Q119626889,Undirected,1,Lid van
Q13575367,Q1867263,Undirected,1,Onderwijsinstelling
Q13575367,Q2663876,Undirected,1,Werkgever
Q13575404,Q644789,Undirected,1,Werkgever
Q13575404,Q50412149,Undirected,1,Werkgever
Q13575404,Q1268453,Undirected,1,Lid van
Q13576607,Q118744262,Undirected,1,Lid van
Q13576607,Q2921791,Undirected,1,Werkgever
Q13576607,Q1867263,Undirected,1,Onderwijsinstelling
Q13576607,Q1867263,Undirected,1,Werkgever
Q136703696,Q49595150,Undirected,1,Onderwijsinstelling
Q136703696,Q47113423,Undirected,1,Werkgever
Q13769746,Q1268453,Undirected,1,Lid van
Q13769746,Q644789,Undirected,1,Werkgever
Q13769746,Q118541114,Undirected,1,Onderwijsinstelling
Q13769746,Q118541225,Undirected,1,Werkgever
Q13769746,Q156598,Undirected,1,Onderwijsinstelling
Q13769746,Q209842,Undirected,1,Onderwijsinstelling
Q13769746,Q157575,Undirected,1,Onderwijsinstelling
Q13769746,Q1137665,Undirected,1,Onderwijsinstelling
Q14101076,Q1268453,Undirected,1,Lid van
Q14101076,Q25057323,Undirected,1,Lid van
Q14101076,Q29016912,Undirected,1,Werkgever
Q14331462,Q2690997,Undirected,1,Lid van
Q15461013,Q2753709,Undirected,1,Werkgever
Q15461013,Q20894451,Undirected,1,Lid van
Q15461013,Q1268453,Undirected,1,Lid van
Q15461013,Q2690997,Undirected,1,Lid van
Q15627098,Q7592665,Undirected,1,Onderwijsinstelling
Q15627098,Q924289,Undirected,1,Onderwijsinstelling
Q15627098,Q81170,Undirected,1,Onderwijsinstelling
Q15982596,Q28521117,Undirected,1,Werkgever
Q15982596,Q1867263,Undirected,1,Werkgever
Q15982596,Q2479554,Undirected,1,Werkgever
Q1707941,Q84961226,Undirected,1,Werkgever
Q17428533,Q2499618,Undirected,1,Onderwijsinstelling
Q17428533,Q2267896,Undirected,1,Lid van
Q17428533,Q1137665,Undirected,1,Onderwijsinstelling
Q175669,Q1268453,Undirected,1,Lid van
Q18093100,Q253439,Undirected,1,Lid van
Q18093100,Q2936361,Undirected,1,Werkgever
Q18093100,Q156598,Undirected,1,Onderwijsinstelling
Q18093100,Q850730,Undirected,1,Werkgever
Q18415039,Q3488098,Undirected,1,Lid van
Q18415039,Q3488101,Undirected,1,Lid van
Q1851297,Q1137665,Undirected,1,Onderwijsinstelling
Q18533827,Q336968,Undirected,1,Onderwijsinstelling
Q18533827,Q1137665,Undirected,1,Onderwijsinstelling
Q18655152,Q654185,Undirected,1,Lid van
Q18655152,Q118574791,Undirected,1,Lid van
Q18655152,Q1137665,Undirected,1,Onderwijsinstelling
Q18655152,Q1268453,Undirected,1,Lid van
Q18655152,Q96391437,Undirected,1,Lid van
Q18655152,Q2499618,Undirected,1,Onderwijsinstelling
Q1877721,Q644789,Undirected,1,Onderwijsinstelling
Q1877721,Q2205233,Undirected,1,Werkgever
Q1877721,Q118612494,Undirected,1,Werkgever
Q1877721,Q2267896,Undirected,1,Lid van
Q1894475,Q644789,Undirected,1,Onderwijsinstelling
Q1894475,Q2124852,Undirected,1,Lid van
Q1894475,Q2663876,Undirected,1,Onderwijsinstelling
Q1920135,Q4325830,Undirected,1,Werkgever
Q1920135,Q118495392,Undirected,1,Werkgever
Q1920135,Q2237463,Undirected,1,Lid van
Q1920135,Q1268453,Undirected,1,Lid van
Q1950196,Q2018402,Undirected,1,Werkgever
Q1978131,Q118388831,Undirected,1,Onderwijsinstelling
Q1978131,Q2185331,Undirected,1,Onderwijsinstelling
Q1978131,Q644789,Undirected,1,Onderwijsinstelling
Q1978794,Q337580,Undirected,1,Lid van
Q1978794,Q1816228,Undirected,1,Werkgever
Q1978794,Q42197335,Undirected,1,Lid van
Q1978794,Q1268453,Undirected,1,Lid van
Q2050293,Q118744262,Undirected,1,Lid van
Q2050293,Q1867263,Undirected,1,Onderwijsinstelling
Q2050293,Q1867263,Undirected,1,Werkgever
Q2059291,Q336968,Undirected,1,Onderwijsinstelling
Q20604626,Q850730,Undirected,1,Onderwijsinstelling
Q2062803,Q14906150,Undirected,1,Lid van
Q2062803,Q213322,Undirected,1,Werkgever
Q2062803,Q1268453,Undirected,1,Lid van
Q2062803,Q5070708,Undirected,1,Werkgever
Q2062803,Q6970481,Undirected,1,Werkgever
Q2062803,Q245247,Undirected,1,Onderwijsinstelling
Q2062803,Q21004456,Undirected,1,Werkgever
Q2062803,Q21004456,Undirected,1,Lid van
Q2065109,Q1137665,Undirected,1,Werkgever
Q2065109,Q1268453,Undirected,1,Lid van
Q2087117,Q2789347,Undirected,1,Onderwijsinstelling
Q2087117,Q2061988,Undirected,1,Onderwijsinstelling
Q2099446,Q47113423,Undirected,1,Werkgever
Q2099446,Q2690997,Undirected,1,Lid van
Q2099446,Q2237463,Undirected,1,Lid van
Q2099446,Q52215696,Undirected,1,Werkgever
Q2099446,Q1864590,Undirected,1,Onderwijsinstelling
Q2099446,Q1268453,Undirected,1,Lid van
Q2100582,Q1268453,Undirected,1,Lid van
Q2100582,Q2111331,Undirected,1,Onderwijsinstelling
Q2134167,Q1334582,Undirected,1,Onderwijsinstelling
Q2154331,Q52224323,Undirected,1,Werkgever
Q2154331,Q2663876,Undirected,1,Onderwijsinstelling
Q2154331,Q2479554,Undirected,1,Onderwijsinstelling
Q2154331,Q2018402,Undirected,1,Werkgever
Q2154331,Q123719897,Undirected,1,Werkgever
Q2154331,Q644789,Undirected,1,Onderwijsinstelling
Q21549953,Q1268453,Undirected,1,Lid van
Q21549953,Q168426,Undirected,1,Onderwijsinstelling
Q2181847,Q644789,Undirected,1,Onderwijsinstelling
Q2181847,Q2690997,Undirected,1,Lid van
Q2181847,Q114232670,Undirected,1,Onderwijsinstelling
Q2182589,Q2479554,Undirected,1,Onderwijsinstelling
Q2182589,Q1867263,Undirected,1,Onderwijsinstelling
Q2182589,Q2663876,Undirected,1,Onderwijsinstelling
Q2182589,Q2663876,Undirected,1,Werkgever
Q2183646,Q118744262,Undirected,1,Lid van
Q2183646,Q1867263,Undirected,1,Onderwijsinstelling
Q2190493,Q1867263,Undirected,1,Onderwijsinstelling
Q2190493,Q644789,Undirected,1,Onderwijsinstelling
Q2190493,Q644789,Undirected,1,Werkgever
Q2191260,Q15882061,Undirected,1,Onderwijsinstelling
Q2191260,Q1867263,Undirected,1,Onderwijsinstelling
Q2191260,Q33117,Undirected,1,Werkgever
Q2191260,Q2479554,Undirected,1,Onderwijsinstelling
Q2191260,Q2479554,Undirected,1,Werkgever
Q2191260,Q644789,Undirected,1,Onderwijsinstelling
Q22002048,Q4648351,Undirected,1,Onderwijsinstelling
Q22002048,Q4648351,Undirected,1,Werkgever
Q22002048,Q115825807,Undirected,1,Werkgever
Q22002048,Q2619680,Undirected,1,Werkgever
Q2203619,Q1268453,Undirected,1,Lid van
Q2203619,Q120727328,Undirected,1,Onderwijsinstelling
Q2203619,Q120727356,Undirected,1,Onderwijsinstelling
Q2203619,Q1477551,Undirected,1,Onderwijsinstelling
Q2203619,Q209842,Undirected,1,Onderwijsinstelling
Q2203619,Q2985460,Undirected,1,Lid van
Q2266893,Q1268453,Undirected,1,Lid van
Q2266893,Q118547498,Undirected,1,Lid van
Q2298746,Q49425918,Undirected,1,Onderwijsinstelling
Q2298746,Q1268453,Undirected,1,Lid van
Q2298746,Q644789,Undirected,1,Onderwijsinstelling
Q2298746,Q27895221,Undirected,1,Werkgever
Q2298746,Q13744144,Undirected,1,Werkgever
Q2298746,Q4325830,Undirected,1,Werkgever
Q2306925,Q2267896,Undirected,1,Lid van
Q2306925,Q1867263,Undirected,1,Onderwijsinstelling
Q2306925,Q49595150,Undirected,1,Onderwijsinstelling
Q2306925,Q2327757,Undirected,1,Werkgever
Q2319173,Q156598,Undirected,1,Onderwijsinstelling
Q2319173,Q214341,Undirected,1,Onderwijsinstelling
Q2319173,Q1268453,Undirected,1,Lid van
Q2332586,Q1867263,Undirected,1,Onderwijsinstelling
Q2332586,Q1867263,Undirected,1,Werkgever
Q2332586,Q2479554,Undirected,1,Onderwijsinstelling
Q2332586,Q114232670,Undirected,1,Onderwijsinstelling
Q2345694,Q467025,Undirected,1,Onderwijsinstelling
Q2345694,Q106556417,Undirected,1,Lid van
Q2345694,Q1867263,Undirected,1,Onderwijsinstelling
Q2345694,Q2479554,Undirected,1,Onderwijsinstelling
Q2360914,Q1867263,Undirected,1,Onderwijsinstelling
Q2360914,Q2663876,Undirected,1,Onderwijsinstelling
Q2360914,Q1268453,Undirected,1,Lid van
Q2360914,Q2740329,Undirected,1,Werkgever
Q2361397,Q120483446,Undirected,1,Werkgever
Q2361397,Q3240440,Undirected,1,Werkgever
Q2361397,Q64040765,Undirected,1,Werkgever
Q2361397,Q33100553,Undirected,1,Onderwijsinstelling
Q2361397,Q4431761,Undirected,1,Werkgever
Q23895006,Q1268453,Undirected,1,Lid van
Q23895006,Q1180348,Undirected,1,Werkgever
Q2413334,Q337580,Undirected,1,Lid van
Q2413334,Q595802,Undirected,1,Werkgever
Q2413334,Q33100553,Undirected,1,Onderwijsinstelling
Q2413334,Q33100553,Undirected,1,Werkgever
Q2413334,Q41726,Undirected,1,Lid van
Q2413334,Q1268453,Undirected,1,Lid van
Q2413334,Q2499618,Undirected,1,Werkgever
Q2413334,Q654185,Undirected,1,Lid van
Q2413334,Q1334582,Undirected,1,Onderwijsinstelling
Q2424814,Q49425918,Undirected,1,Onderwijsinstelling
Q2424814,Q644789,Undirected,1,Onderwijsinstelling
Q2424814,Q644789,Undirected,1,Werkgever
Q2424814,Q2237527,Undirected,1,Werkgever
Q2424814,Q33100553,Undirected,1,Werkgever
Q2424814,Q123556179,Undirected,1,Werkgever
Q2424814,Q125965599,Undirected,1,Werkgever
Q2426280,Q2185331,Undirected,1,Werkgever
Q2426280,Q2480833,Undirected,1,Werkgever
Q2426280,Q2663876,Undirected,1,Onderwijsinstelling
Q2426280,Q2663876,Undirected,1,Werkgever
Q2426280,Q2479554,Undirected,1,Onderwijsinstelling
Q2450554,Q2267896,Undirected,1,Lid van
Q2450554,Q1867263,Undirected,1,Werkgever
Q2450554,Q2663876,Undirected,1,Werkgever
Q2450554,Q644789,Undirected,1,Onderwijsinstelling
Q2450554,Q118369084,Undirected,1,Lid van
Q2457997,Q2564527,Undirected,1,Werkgever
Q2457997,Q29016912,Undirected,1,Werkgever
Q2457997,Q33100553,Undirected,1,Onderwijsinstelling
Q2457997,Q1268453,Undirected,1,Lid van
Q2481707,Q1268453,Undirected,1,Lid van
Q2481707,Q792369,Undirected,1,Werkgever
Q2490990,Q644789,Undirected,1,Onderwijsinstelling
Q2491266,Q1268453,Undirected,1,Lid van
Q2496044,Q3465633,Undirected,1,Werkgever
Q2496044,Q1867263,Undirected,1,Onderwijsinstelling
Q2496044,Q1867263,Undirected,1,Werkgever
Q2496044,Q2663876,Undirected,1,Onderwijsinstelling
Q2496044,Q2479554,Undirected,1,Onderwijsinstelling
Q2496044,Q2018402,Undirected,1,Werkgever
Q2524668,Q15882061,Undirected,1,Onderwijsinstelling
Q2524668,Q118369084,Undirected,1,Lid van
Q2524668,Q118541114,Undirected,1,Onderwijsinstelling
Q2524668,Q1867263,Undirected,1,Onderwijsinstelling
Q2524668,Q2663876,Undirected,1,Onderwijsinstelling
Q2524668,Q119767161,Undirected,1,Werkgever
Q2524668,Q2479554,Undirected,1,Onderwijsinstelling
Q2539969,Q1864590,Undirected,1,Onderwijsinstelling
Q2539969,Q1137665,Undirected,1,Onderwijsinstelling
Q2539969,Q644789,Undirected,1,Onderwijsinstelling
Q2539969,Q2690997,Undirected,1,Lid van
Q2539969,Q792293,Undirected,1,Lid van
Q2542423,Q1867263,Undirected,1,Onderwijsinstelling
Q2542423,Q1268453,Undirected,1,Lid van
Q2542423,Q644789,Undirected,1,Onderwijsinstelling
Q2546317,Q42197335,Undirected,1,Lid van
Q2546317,Q1867263,Undirected,1,Onderwijsinstelling
Q2546317,Q1137665,Undirected,1,Onderwijsinstelling
Q2546317,Q1268453,Undirected,1,Lid van
Q2546317,Q644789,Undirected,1,Onderwijsinstelling
Q2580620,Q118522719,Undirected,1,Werkgever
Q2580620,Q118541114,Undirected,1,Werkgever
Q2580620,Q2267896,Undirected,1,Lid van
Q2580620,Q33100553,Undirected,1,Werkgever
Q2606766,Q21004456,Undirected,1,Lid van
Q2606766,Q2267896,Undirected,1,Lid van
Q2617184,Q1268453,Undirected,1,Lid van
Q2617184,Q2267896,Undirected,1,Lid van
Q2617184,Q2986729,Undirected,1,Lid van
Q2619202,Q113988734,Undirected,1,Werkgever
Q2619202,Q120854550,Undirected,1,Werkgever
Q2627945,Q120837774,Undirected,1,Onderwijsinstelling
Q2627945,Q3380726,Undirected,1,Werkgever
Q2627945,Q1268453,Undirected,1,Lid van
Q2638823,Q118501218,Undirected,1,Onderwijsinstelling
Q2638823,Q1268453,Undirected,1,Lid van
Q2638823,Q2690997,Undirected,1,Lid van
Q2658862,Q792369,Undirected,1,Werkgever
Q2658862,Q2267896,Undirected,1,Lid van
Q2672741,Q14906150,Undirected,1,Lid van
Q2672741,Q1268453,Undirected,1,Lid van
Q2672741,Q644789,Undirected,1,Onderwijsinstelling
Q2672741,Q30692913,Undirected,1,Lid van
Q2672741,Q2267896,Undirected,1,Lid van
Q2675588,Q1867263,Undirected,1,Onderwijsinstelling
Q2675588,Q119767161,Undirected,1,Werkgever
Q2677198,Q2822455,Undirected,1,Onderwijsinstelling
Q2677198,Q125503330,Undirected,1,Onderwijsinstelling
Q2684959,Q2267896,Undirected,1,Lid van
Q2684959,Q2663876,Undirected,1,Werkgever
Q2754460,Q644789,Undirected,1,Onderwijsinstelling
Q2770967,Q1867263,Undirected,1,Werkgever
Q2770967,Q2479554,Undirected,1,Werkgever
Q2779054,Q2479554,Undirected,1,Onderwijsinstelling
Q2779054,Q118369334,Undirected,1,Onderwijsinstelling
Q2832059,Q644789,Undirected,1,Onderwijsinstelling
Q28584401,Q28549650,Undirected,1,Onderwijsinstelling
Q28584401,Q3487850,Undirected,1,Lid van
Q28584401,Q5546853,Undirected,1,Onderwijsinstelling
Q28973666,Q644789,Undirected,1,Onderwijsinstelling
Q28973666,Q118547498,Undirected,1,Lid van
Q28973666,Q1268453,Undirected,1,Lid van
Q28973684,Q118559268,Undirected,1,Werkgever
Q28973684,Q118559307,Undirected,1,Lid van
Q28973684,Q1268453,Undirected,1,Lid van
Q29019503,Q1137665,Undirected,1,Onderwijsinstelling
Q29019503,Q1137665,Undirected,1,Werkgever
Q29019503,Q1268453,Undirected,1,Lid van
Q29019503,Q59962242,Undirected,1,Werkgever
Q29019503,Q2499618,Undirected,1,Onderwijsinstelling
Q29019503,Q2556138,Undirected,1,Lid van
Q3032807,Q644789,Undirected,1,Onderwijsinstelling
Q3032807,Q1867263,Undirected,1,Onderwijsinstelling
Q3032807,Q2663876,Undirected,1,Werkgever
Q3067739,Q219615,Undirected,1,Onderwijsinstelling
Q3067739,Q219615,Undirected,1,Werkgever
Q3067739,Q768224,Undirected,1,Werkgever
Q3067739,Q337421,Undirected,1,Lid van
Q3163681,Q57706,Undirected,1,Werkgever
Q3163681,Q2479554,Undirected,1,Werkgever
Q3163681,Q644789,Undirected,1,Onderwijsinstelling
Q3164253,Q467025,Undirected,1,Onderwijsinstelling
Q3166510,Q644789,Undirected,1,Onderwijsinstelling
Q3166510,Q120650189,Undirected,1,Werkgever
Q3166510,Q1867263,Undirected,1,Werkgever
Q3166510,Q2479554,Undirected,1,Werkgever
Q3185717,Q670974,Undirected,1,Lid van
Q322106,Q714717,Undirected,1,Onderwijsinstelling
Q322106,Q723551,Undirected,1,Lid van
Q322106,Q35794,Undirected,1,Onderwijsinstelling
Q322106,Q35794,Undirected,1,Werkgever
Q322106,Q6410900,Undirected,1,Onderwijsinstelling
Q322106,Q3560910,Undirected,1,Onderwijsinstelling
Q329468,Q1268453,Undirected,1,Lid van
Q329468,Q644789,Undirected,1,Onderwijsinstelling
Q329468,Q337580,Undirected,1,Lid van
Q329468,Q1137665,Undirected,1,Onderwijsinstelling
Q3346571,Q1867263,Undirected,1,Onderwijsinstelling
Q3421496,Q113988659,Undirected,1,Onderwijsinstelling
Q3421496,Q118744262,Undirected,1,Lid van
Q3421496,Q1867263,Undirected,1,Onderwijsinstelling
Q3421496,Q1477551,Undirected,1,Onderwijsinstelling
Q3421496,Q2479554,Undirected,1,Onderwijsinstelling
Q3431564,Q1268453,Undirected,1,Lid van
Q3431564,Q120831037,Undirected,1,Werkgever
Q3431564,Q120837774,Undirected,1,Onderwijsinstelling
Q3450211,Q2267896,Undirected,1,Lid van
Q3450211,Q2479554,Undirected,1,Werkgever
Q3450211,Q644789,Undirected,1,Onderwijsinstelling
Q3450211,Q120617895,Undirected,1,Werkgever
Q3450211,Q15882061,Undirected,1,Onderwijsinstelling
Q3450211,Q2191260,Undirected,1,Werkgever
Q3515115,Q33100553,Undirected,1,Werkgever
Q3515115,Q4431761,Undirected,1,Werkgever
Q3515115,Q644789,Undirected,1,Onderwijsinstelling
Q3515115,Q120555736,Undirected,1,Werkgever
Q3515115,Q2746779,Undirected,1,Werkgever
Q3515115,Q2237527,Undirected,1,Onderwijsinstelling
Q3515115,Q118645274,Undirected,1,Lid van
Q3515115,Q42197335,Undirected,1,Lid van
Q3515115,Q1471477,Undirected,1,Werkgever
Q3538623,Q1867263,Undirected,1,Onderwijsinstelling
Q354052,Q644789,Undirected,1,Onderwijsinstelling
Q3557112,Q33100553,Undirected,1,Onderwijsinstelling
Q3557112,Q1268453,Undirected,1,Lid van
Q377071,Q2789347,Undirected,1,Werkgever
Q377071,Q336968,Undirected,1,Onderwijsinstelling
Q377071,Q336968,Undirected,1,Werkgever
Q377071,Q337580,Undirected,1,Lid van
Q37766220,Q2237463,Undirected,1,Lid van
Q37766220,Q15284,Undirected,1,Werkgever
Q37766220,Q1268453,Undirected,1,Lid van
Q37766220,Q11213091,Undirected,1,Werkgever
Q41885755,Q1864590,Undirected,1,Onderwijsinstelling
Q41885755,Q1137665,Undirected,1,Werkgever
Q41885755,Q644789,Undirected,1,Onderwijsinstelling
Q42196616,Q1864590,Undirected,1,Werkgever
Q42196616,Q2499618,Undirected,1,Werkgever
Q42196616,Q644789,Undirected,1,Onderwijsinstelling
Q42596,Q21592577,Undirected,1,Onderwijsinstelling
Q42596,Q19952814,Undirected,1,Lid van
Q42596,Q17626118,Undirected,1,Lid van
Q42596,Q1165363,Undirected,1,Lid van
Q42596,Q28659929,Undirected,1,Lid van
Q42596,Q2822312,Undirected,1,Lid van
Q43140929,Q42197335,Undirected,1,Lid van
Q43140929,Q644789,Undirected,1,Onderwijsinstelling
Q43140929,Q2690997,Undirected,1,Lid van
Q4423628,Q119853947,Undirected,1,Onderwijsinstelling
Q4423628,Q2061988,Undirected,1,Onderwijsinstelling
Q45029767,Q118495392,Undirected,1,Werkgever
Q45029767,Q2237527,Undirected,1,Onderwijsinstelling
Q45029767,Q49425918,Undirected,1,Onderwijsinstelling
Q45029767,Q1268453,Undirected,1,Lid van
Q45029767,Q644789,Undirected,1,Onderwijsinstelling
Q45029767,Q2690997,Undirected,1,Lid van
Q45029767,Q4325830,Undirected,1,Onderwijsinstelling
Q4722117,Q2663876,Undirected,1,Onderwijsinstelling
Q4865289,Q1518472,Undirected,1,Werkgever
Q4865289,Q2294995,Undirected,1,Onderwijsinstelling
Q4865289,Q4728794,Undirected,1,Werkgever
Q4865289,Q916458,Undirected,1,Onderwijsinstelling
Q4902927,Q1867263,Undirected,1,Onderwijsinstelling
Q4902927,Q644789,Undirected,1,Onderwijsinstelling
Q4902927,Q113988734,Undirected,1,Onderwijsinstelling
Q5026719,Q2479554,Undirected,1,Onderwijsinstelling
Q5026719,Q2005895,Undirected,1,Onderwijsinstelling
Q5026719,Q2018402,Undirected,1,Onderwijsinstelling
Q51168899,Q42197335,Undirected,1,Lid van
Q51168899,Q644789,Undirected,1,Onderwijsinstelling
Q55232762,Q1137665,Undirected,1,Onderwijsinstelling
Q55232762,Q1268453,Undirected,1,Lid van
Q55232762,Q2470103,Undirected,1,Onderwijsinstelling
Q55232762,Q2499618,Undirected,1,Onderwijsinstelling
Q55232762,Q2237463,Undirected,1,Lid van
Q55233295,Q1867263,Undirected,1,Onderwijsinstelling
Q55233295,Q209842,Undirected,1,Onderwijsinstelling
Q55233295,Q1137665,Undirected,1,Onderwijsinstelling
Q55233295,Q1137665,Undirected,1,Werkgever
Q55233295,Q165980,Undirected,1,Onderwijsinstelling
Q55233295,Q2124852,Undirected,1,Lid van
Q55420570,Q2663876,Undirected,1,Werkgever
Q55672664,Q2267896,Undirected,1,Lid van
Q55672664,Q115762138,Undirected,1,Lid van
Q55672664,Q2985460,Undirected,1,Lid van
Q55672664,Q1268453,Undirected,1,Lid van
Q55672664,Q1301699,Undirected,1,Lid van
Q5580544,Q253439,Undirected,1,Lid van
Q55911879,Q118522719,Undirected,1,Werkgever
Q55911879,Q2869314,Undirected,1,Werkgever
Q55911879,Q1268453,Undirected,1,Lid van
Q55911879,Q3937018,Undirected,1,Onderwijsinstelling
Q55911879,Q3937018,Undirected,1,Werkgever
Q55911879,Q2690997,Undirected,1,Lid van
Q55911879,Q2111331,Undirected,1,Onderwijsinstelling
Q56036018,Q2985460,Undirected,1,Lid van
Q56036018,Q1268453,Undirected,1,Lid van
Q56036023,Q209842,Undirected,1,Onderwijsinstelling
Q56036023,Q2985460,Undirected,1,Lid van
Q56036023,Q1268453,Undirected,1,Lid van
Q56036023,Q20894451,Undirected,1,Lid van
Q56036025,Q61679584,Undirected,1,Onderwijsinstelling
Q56036025,Q1268453,Undirected,1,Lid van
Q56036025,Q2237463,Undirected,1,Lid van
Q56036026,Q1268453,Undirected,1,Lid van
Q56036059,Q1137665,Undirected,1,Onderwijsinstelling
Q56036059,Q1268453,Undirected,1,Lid van
Q56036059,Q2499618,Undirected,1,Onderwijsinstelling
Q56036059,Q118524331,Undirected,1,Lid van
Q56036059,Q118559307,Undirected,1,Lid van
Q56036064,Q56022443,Undirected,1,Lid van
Q56036064,Q49424872,Undirected,1,Lid van
Q56036064,Q1268453,Undirected,1,Lid van
Q56036064,Q654185,Undirected,1,Lid van
Q56036067,Q49425918,Undirected,1,Onderwijsinstelling
Q56036067,Q1268453,Undirected,1,Lid van
Q571426,Q253439,Undirected,1,Lid van
Q571426,Q337526,Undirected,1,Lid van
Q571426,Q156598,Undirected,1,Onderwijsinstelling
Q571426,Q156598,Undirected,1,Werkgever
Q571426,Q1268453,Undirected,1,Lid van
Q571426,Q221653,Undirected,1,Onderwijsinstelling
Q571426,Q83172,Undirected,1,Lid van
Q57197744,Q644789,Undirected,1,Onderwijsinstelling
Q57197744,Q2690997,Undirected,1,Lid van
Q57197744,Q118369084,Undirected,1,Lid van
Q586323,Q156598,Undirected,1,Onderwijsinstelling
Q586323,Q156598,Undirected,1,Werkgever
Q586323,Q1268453,Undirected,1,Lid van
Q5983066,Q644789,Undirected,1,Werkgever
Q61506427,Q644789,Undirected,1,Onderwijsinstelling
Q62080181,Q644789,Undirected,1,Onderwijsinstelling
Q62080181,Q113988659,Undirected,1,Onderwijsinstelling
Q6242432,Q2822396,Undirected,1,Lid van
Q6242432,Q42197335,Undirected,1,Lid van
Q6242432,Q1268453,Undirected,1,Lid van
Q6242432,Q644789,Undirected,1,Onderwijsinstelling
Q6242432,Q644789,Undirected,1,Werkgever
Q6242432,Q2690997,Undirected,1,Lid van
Q64302,Q543804,Undirected,1,Lid van
Q64302,Q154804,Undirected,1,Onderwijsinstelling
Q661733,Q2267896,Undirected,1,Lid van
Q661733,Q2663876,Undirected,1,Onderwijsinstelling
Q661733,Q644789,Undirected,1,Onderwijsinstelling
Q661733,Q2642320,Undirected,1,Lid van
Q672816,Q209344,Undirected,1,Werkgever
Q672816,Q3552548,Undirected,1,Onderwijsinstelling
Q672816,Q981752,Undirected,1,Onderwijsinstelling
Q7190386,Q644789,Undirected,1,Onderwijsinstelling
Q719358,Q1268453,Undirected,1,Lid van
Q719358,Q2499618,Undirected,1,Onderwijsinstelling
Q719358,Q654185,Undirected,1,Lid van
Q719358,Q118524331,Undirected,1,Lid van
Q721772,Q644789,Undirected,1,Onderwijsinstelling
Q7343011,Q1247373,Undirected,1,Onderwijsinstelling
Q7343011,Q745967,Undirected,1,Onderwijsinstelling
Q75320317,Q925942,Undirected,1,Onderwijsinstelling
Q75320317,Q193196,Undirected,1,Onderwijsinstelling
Q75320317,Q7587793,Undirected,1,Onderwijsinstelling
Q76019711,Q2496094,Undirected,1,Onderwijsinstelling
Q764378,Q1137665,Undirected,1,Werkgever
Q764378,Q1268453,Undirected,1,Lid van
Q764378,Q20754971,Undirected,1,Onderwijsinstelling
Q7790140,Q981752,Undirected,1,Onderwijsinstelling
Q7790140,Q3552548,Undirected,1,Onderwijsinstelling
Q784390,Q42197335,Undirected,1,Lid van
Q784390,Q1268453,Undirected,1,Lid van
Q784390,Q644789,Undirected,1,Werkgever
Q784390,Q2690997,Undirected,1,Lid van
Q80079104,Q1867263,Undirected,1,Werkgever
Q87648661,Q12995,Undirected,1,Werkgever
Q87648661,Q28549650,Undirected,1,Werkgever
Q87648661,Q63122451,Undirected,1,Werkgever
Q94896539,Q2237463,Undirected,1,Lid van
Q94896539,Q1137665,Undirected,1,Onderwijsinstelling
Q94896539,Q221653,Undirected,1,Onderwijsinstelling
Q961180,Q253439,Undirected,1,Lid van
Q961180,Q156598,Undirected,1,Onderwijsinstelling
Q961180,Q156598,Undirected,1,Werkgever
Q961180,Q214341,Undirected,1,Werkgever
Q961180,Q1268453,Undirected,1,Lid van
Q970036,Q113835765,Undirected,1,Lid van
Q970833,Q2237527,Undirected,1,Onderwijsinstelling
Q970833,Q2237463,Undirected,1,Lid van
Q970833,Q42197335,Undirected,1,Lid van
Q970833,Q2985460,Undirected,1,Lid van
Q970833,Q1268453,Undirected,1,Lid van
Q970833,Q644789,Undirected,1,Onderwijsinstelling
Q975292,Q2237527,Undirected,1,Onderwijsinstelling
Q975292,Q33100553,Undirected,1,Onderwijsinstelling
Q975292,Q1268453,Undirected,1,Lid van
Q981444,Q118744262,Undirected,1,Lid van
Q981444,Q52380328,Undirected,1,Werkgever
Q981444,Q1867263,Undirected,1,Onderwijsinstelling
Q981444,Q1867263,Undirected,1,Werkgever
Q981444,Q2663876,Undirected,1,Werkgever
Q981444,Q1268453,Undirected,1,Lid van
Q98322098,Q118744262,Undirected,1,Lid van
Q98322098,Q2663876,Undirected,1,Werkgever